-- MySQL dump 10.13  Distrib 8.0.26, for Win64 (x86_64)
--
-- Host: localhost    Database: cac_crud_biblioteca
-- ------------------------------------------------------
-- Server version	8.0.26

/*!40101 SET @OLD_CHARACTER_SET_CLIENT=@@CHARACTER_SET_CLIENT */;
/*!40101 SET @OLD_CHARACTER_SET_RESULTS=@@CHARACTER_SET_RESULTS */;
/*!40101 SET @OLD_COLLATION_CONNECTION=@@COLLATION_CONNECTION */;
/*!50503 SET NAMES utf8 */;
/*!40103 SET @OLD_TIME_ZONE=@@TIME_ZONE */;
/*!40103 SET TIME_ZONE='+00:00' */;
/*!40014 SET @OLD_UNIQUE_CHECKS=@@UNIQUE_CHECKS, UNIQUE_CHECKS=0 */;
/*!40014 SET @OLD_FOREIGN_KEY_CHECKS=@@FOREIGN_KEY_CHECKS, FOREIGN_KEY_CHECKS=0 */;
/*!40101 SET @OLD_SQL_MODE=@@SQL_MODE, SQL_MODE='NO_AUTO_VALUE_ON_ZERO' */;
/*!40111 SET @OLD_SQL_NOTES=@@SQL_NOTES, SQL_NOTES=0 */;

--
-- Table structure for table `generos`
--

DROP TABLE IF EXISTS `generos`;
/*!40101 SET @saved_cs_client     = @@character_set_client */;
/*!50503 SET character_set_client = utf8mb4 */;
CREATE TABLE `generos` (
  `id_genero` int NOT NULL AUTO_INCREMENT,
  `nombre` varchar(45) NOT NULL,
  PRIMARY KEY (`id_genero`),
  UNIQUE KEY `nombre_UNIQUE` (`nombre`)
) ENGINE=InnoDB AUTO_INCREMENT=11 DEFAULT CHARSET=utf8mb4 COLLATE=utf8mb4_0900_ai_ci;
/*!40101 SET character_set_client = @saved_cs_client */;

--
-- Dumping data for table `generos`
--

LOCK TABLES `generos` WRITE;
/*!40000 ALTER TABLE `generos` DISABLE KEYS */;
INSERT INTO `generos` VALUES (5,'Aventura'),(10,'Ciencia ficcion'),(8,'Comedia'),(4,'Fantasia'),(9,'Infantil'),(7,'Romance'),(1,'Terror');
/*!40000 ALTER TABLE `generos` ENABLE KEYS */;
UNLOCK TABLES;

--
-- Table structure for table `generos_libros`
--

DROP TABLE IF EXISTS `generos_libros`;
/*!40101 SET @saved_cs_client     = @@character_set_client */;
/*!50503 SET character_set_client = utf8mb4 */;
CREATE TABLE `generos_libros` (
  `id` int NOT NULL AUTO_INCREMENT,
  `libro_id` int NOT NULL,
  `genero_id` int NOT NULL,
  PRIMARY KEY (`id`),
  KEY `genero_id_idx` (`genero_id`),
  KEY `libro_id_idx` (`libro_id`),
  CONSTRAINT `genero_id` FOREIGN KEY (`genero_id`) REFERENCES `generos` (`id_genero`),
  CONSTRAINT `libro_id` FOREIGN KEY (`libro_id`) REFERENCES `libros` (`id_libro`)
) ENGINE=InnoDB AUTO_INCREMENT=22 DEFAULT CHARSET=utf8mb4 COLLATE=utf8mb4_0900_ai_ci;
/*!40101 SET character_set_client = @saved_cs_client */;

--
-- Dumping data for table `generos_libros`
--

LOCK TABLES `generos_libros` WRITE;
/*!40000 ALTER TABLE `generos_libros` DISABLE KEYS */;
INSERT INTO `generos_libros` VALUES (1,1,1),(3,11,5),(4,11,4),(5,11,7),(6,1,4),(9,5,5),(10,5,10),(12,5,7),(13,5,8),(14,6,10),(16,6,1),(18,2,4),(20,2,5),(21,2,7);
/*!40000 ALTER TABLE `generos_libros` ENABLE KEYS */;
UNLOCK TABLES;

--
-- Table structure for table `libros`
--

DROP TABLE IF EXISTS `libros`;
/*!40101 SET @saved_cs_client     = @@character_set_client */;
/*!50503 SET character_set_client = utf8mb4 */;
CREATE TABLE `libros` (
  `id_libro` int NOT NULL AUTO_INCREMENT,
  `titulo` varchar(45) NOT NULL,
  `autor` varchar(45) DEFAULT NULL,
  `descripcion` longtext NOT NULL,
  `portada` longtext,
  `editora` varchar(45) DEFAULT NULL,
  PRIMARY KEY (`id_libro`)
) ENGINE=InnoDB AUTO_INCREMENT=12 DEFAULT CHARSET=utf8mb4 COLLATE=utf8mb4_0900_ai_ci;
/*!40101 SET character_set_client = @saved_cs_client */;

--
-- Dumping data for table `libros`
--

LOCK TABLES `libros` WRITE;
/*!40000 ALTER TABLE `libros` DISABLE KEYS */;
INSERT INTO `libros` VALUES (1,'El resplandor','Stephen King','The Shining mainly takes place in the fictional Overlook Hotel, an isolated, haunted resort hotel located in the Colorado Rockies. The history of the hotel, which is described in backstory by several characters, includes the deaths of some of its guests and of former winter caretaker Delbert Grady, who succumbed to cabin fever and killed his family and himself.','data:image/jpeg;base64,/9j/4AAQSkZJRgABAQAAAQABAAD/4gIoSUNDX1BST0ZJTEUAAQEAAAIYAAAAAAQwAABtbnRyUkdCIFhZWiAAAAAAAAAAAAAAAABhY3NwAAAAAAAAAAAAAAAAAAAAAAAAAAAAAAAAAAAAAQAA9tYAAQAAAADTLQAAAAAAAAAAAAAAAAAAAAAAAAAAAAAAAAAAAAAAAAAAAAAAAAAAAAAAAAAAAAAAAAAAAAlkZXNjAAAA8AAAAHRyWFlaAAABZAAAABRnWFlaAAABeAAAABRiWFlaAAABjAAAABRyVFJDAAABoAAAAChnVFJDAAABoAAAAChiVFJDAAABoAAAACh3dHB0AAAByAAAABRjcHJ0AAAB3AAAADxtbHVjAAAAAAAAAAEAAAAMZW5VUwAAAFgAAAAcAHMAUgBHAEIAAAAAAAAAAAAAAAAAAAAAAAAAAAAAAAAAAAAAAAAAAAAAAAAAAAAAAAAAAAAAAAAAAAAAAAAAAAAAAAAAAAAAAAAAAAAAAAAAAAAAAAAAAFhZWiAAAAAAAABvogAAOPUAAAOQWFlaIAAAAAAAAGKZAAC3hQAAGNpYWVogAAAAAAAAJKAAAA+EAAC2z3BhcmEAAAAAAAQAAAACZmYAAPKnAAANWQAAE9AAAApbAAAAAAAAAABYWVogAAAAAAAA9tYAAQAAAADTLW1sdWMAAAAAAAAAAQAAAAxlblVTAAAAIAAAABwARwBvAG8AZwBsAGUAIABJAG4AYwAuACAAMgAwADEANv/bAEMABgQFBgUEBgYFBgcHBggKEAoKCQkKFA4PDBAXFBgYFxQWFhodJR8aGyMcFhYgLCAjJicpKikZHy0wLSgwJSgpKP/bAEMBBwcHCggKEwoKEygaFhooKCgoKCgoKCgoKCgoKCgoKCgoKCgoKCgoKCgoKCgoKCgoKCgoKCgoKCgoKCgoKCgoKP/AABEIAWgA7QMBIgACEQEDEQH/xAAdAAAABwEBAQAAAAAAAAAAAAAAAwQFBgcIAgEJ/8QATxAAAQMDAgMGBAIGBQkHAgcAAQIDBAAFEQYhBxIxCBMiQVFhFHGBkTKhFSMzQlKxYnKCkrIWFyVDU8HC0eEkNGNzk6LwNlR0g6Oz0tPx/8QAGgEBAAMBAQEAAAAAAAAAAAAAAAECAwQFBv/EACoRAQACAgEEAgEDBAMAAAAAAAABAgMRBBITITEFQVEUIkIVMlJhkaHR/9oADAMBAAIRAxEAPwDL1ChQoBmhQoY2z5etAKGaHXoQfka6bQpxYQ2lSlnolIyT9KDmhRq4z6ElS2XUpHUqQQB9cUVg4zjagFChQ+ZA+ZoBQr3lPoa8oBQzQoUAoUKFAM0KFCgFChQoBmhmgAT0GaGCOooBQoU5adsVz1HdG7bY4bk2c4CpLLeOYgDJO59KBtzQoyUw5Fkux30FDzSyhaD1SoHBFF0AoZoUKAUKFCgFdIbWsK5EKVyjmVyjOB6muac7BeJlmml2HLmRm3U91IEV8tKdaJHMjI8iPWgmXBTho/xI1I9EL6o1siIDst9IBUAThKU525jg9emDWvNOcF9BaeZT3VhjSnUbl+d+uX8/FsPoKpXswa5sMHW1ysMaC3bIdyCfgXHXCt1a0k4bcXnlKiCcYA6Y9K0priwt6p0jdbI68phE5hTPeJ6oJ6H742oILd1cJ9UqnadcVYnn2GVvOpiISlbSUDKlJcQOqeuxzVfdjy2WJy2ahmNM99c0Su6S68zkpj4yjCsYyTnIBzsPaqUs1hvPD/iuxDusVhE2F3zvK+vlZkIDLhyFbZSoAjHnnBqIQtR3u3wlQ7fd7jEhlRWY8eU423k9TyhWM9PtQfShy3QnUFDsSOtCtilTSSD+VQq9cJ+H81D78/TVraGCtx5CO5wOpJKSMfOsZaJ4m6l09fLe67frq7bGpTLkmOt9biXG0rBUkBR2yM9MZ8631KmW6Rp9ybKea/RLsYurdWrCCypOSSfTlNBjDj1aeGlohQmuH8lqTcVvEvmPMU+0hsJ98pySR0O2D61pjQfDnRY0ZZHGtOW9wPQ2niuQylxxRWgKJUo9TvWCrumKm6zEwFFUJLywwo+bfMeU/bFfSDQ/KzoTT+/gRbY+/sGk0EDuWkuDLkt9iZG0o1KaUUOtiS20tCh1CgFDB+dUpxc0Twwg2sS9H3NT0x+4sQg1ElB9hrm3Vvv+6CepwapXVEx296wuktRBdmTXV7nAypZx8vKjrndJkViHYl/B91Z5Ty0uxgFd65zDKyvPjHgAB2GKDTD/AGV7Ou7tOsagnotfL+sZU0hTxP8ARX0A+aSalg7OPD/4TufhLgXOXHf/ABq+bPrj8P5VbVneVItMJ5RypxlCyfmkGsd8YeLevrRxGu1rZvPwUe3SyllqMylKVI/Egrzkq8JTnfHtQIONnA2fodpy72NTtw08Md4teC7GPTxgDdOf3h08/UuXA3grY+IOkXLtNvkxmSl9TCmIyEDuiMEcxUDnIORjFaT4ZahTxE4ZQrjc4zafj2XGJTIHgUQSheAfI4P3qoeyUI1s1FriywZhmxGHmi08UFHeBJUjmx5daCp+NvBuZw2SzPanNz7NJd7lt1QCHULIJCVJ6HYHxD06CqmrcPazZiOcJHlyY6HH0y2RHdUSO5WTur+6FDf1rG+qLMiw3BMEz4syShOXzFUHGkKO4CXBsscpByOhyPKguDgXwLY15p1y+324S4cJbqmo7cYJ5nOXZSiVA4GcjGPI1D9acL5eneK8bSDcgvNzXmhEkqSAVNuHGSOmRhQI9vetXdmdfNwW0/4eXlS6n54cVvVD9pLVLDPHW2yYiiV2RMcOqT/GF94ofRJH3oLv032f9A2ZKFP2xdzeSnCnJzpWFH15BhI+1KrjwH4eTVrUdPojlfnGfcbx8gDgVZUd9EqG3IaOW3Ww4k+xGR/OvngeIer7XKlx7fqi8Ijh1YSDKUoY5j0yTj6UFycX+AVg0vYnr3a7vMYjodaaMaRyubrcSnwq2JwCTg+5zgYqzWuAmnk6Rh2j42eibE5ls3BlYbcQ4pOFEY6pJ3wc+gIrGd81Rfr+EC93m4Tw2eZCZMha0pPqATgH3r6CcKL8rU3DrT93cJU7IiI71R6lxPgWfqpJNBgriLou56E1M/ZrwEqcSkONPIzyPtnotOfkcjyORTVY7LMvTktu3oC3I0ZyUpOd1IRjmCR5nfpWo+2jp9UjT1jv7LSSYj6or6gN+VwZTn2Ckn6qqqOysht3i9CaeSlSHIklBB88ooJRxC4HWPR+gWrkbnPkXVxlTpK+RDYKGVuEBGMkEhKeuR19qz+uLIRFbkrYdTGcUUIdKCEKUOoB6Ej0rffaEbY/zNamU6lP6uMO7JG6VFSQMenXH1rBTtymu29i3uzJK4LClLajqdUW21K/EUpzgE+ZFAjoUKFAKFChQeoWptaVtqUlaSCFJOCCOhB9a1xwD48IvHwmnNZvBFzOGotwVsmR6Jc9F+/RXseuRq9SopUFJJSoHIIOCPlQb647cNWOIWllJjIQ3fYYLkF47cx82lH+FX5HB9awzEZtiLZdU3MzG7s3yJiNIACCebDgcyCdh0Ax061urgBrY634eQ5MpznuUM/CS/VS0gYX/aTg/esxdqbSiNN8TX5cRsIh3hv4xIAwA5nDgH1wr+2aCnFdDW4tbPLjdlbmVu4dPRWyc/xNtg1h09K3rqe2G69m9cNfKHDp9leRuApDKVf7qDCMaNImSkx4bDsiQ4cIaaQVqUfYDc19GtOMS08M7ZHUw43OFoabLKxyrS53AHKQehztWCOHWt7noDURvVmbjOSFMKZUiQgqSUKIJ6EEHwjet/6UvEm8aFtV6dabRLmW9uWW0k8gUpsKwPbJoMGXvhbrm0sLk3HS9zSyMqWttrvQn1J5M4HuahS0lPOlQIUAQQRjFaFuXah1VyPsx7PaGHwopDh518pBx0yM1QM6W9PnSZkxwuyJDinXVnYqUokqO3qSaD6XaWdRI0zaXm/wORGlJ+RQKyHxv0bN1P2jpFms6SqTcEMOrWU5S0O7CVLV7AJzWiuz5e/07wk0++Qe8YZMVzJzlTZKc/XGaj+udV6U4Wy9QX16S1cdW3VXhjlYLgSkANt4H7NtOATncnJ+QN/FDU8HhNw8tui9LqLt/kMCJDSMc7YV4VPq9CSTj3PoKXcCODkjhxLkXKZd0y5syMGXmGmsNoPMFbKJyrGCM4HyrG931Pd7tqhzUU2a6q7qfEgPg7oWDlPL6BOBgeWK0p2euM+p9V6tiabv4iSm1sOuGWG+R3wJyM48J+woJ12ltGak1vpK3wdLttvlmV8Q+wp1LZcwkhOCrA2ydiRWPNTaE1TpgFV9sFwhNA471TJLef64yn863LxY4oWzhs1bF3aHLkpnuLQn4fl8HIEkk5P9IUzaY45aM1Xc2bVFTO758EKTIjcraU4yorUTgJ+dA1dkO5/HcKDFJyYM55n6Kw4P8dUv2tNKtWfXy7ymc045eR3vwgSQtoIQlBUT0wSP51pbhbddEXFy+f5BCMnEhKpqI7am0c+CAoJ6bhJ3SADis4dsaKtPE6E7ynD9sbSn3KVuD/iFBrDQa1P6GsKnD4lwGc/3BWO9f9n/AFhp8zp8FmNc7Y1zO88ZzDiW9zuhWDsPTNbP02wIemrYwOjMRpH2QKyHrntH6ivlqn2m3wYduaf5mjJaUpbndnIwM7AkedBQ1bb7Idx+M4UCMpWVQprzIHok8qh/iNYkrXPYqSsaV1Eo57szmwn58m/+6gu7iBppjWGjLtYpBATMYKELIzyODdCvooJP0rGXZ3gzrdx4tUF5ssyozj7UhtXVPKlQUPuKu7gBxNFx1XftI3WQFLRMfetjilfiRzkqaHy6j2yPKpxJ4dss8Z7frW3pQ3zxXmZqAMczhSAhz5kbH5CgRdqFS0cD9Qcn7xjJPy+IbrC099h9bRixUxkpaQhQDil86wN179M9cDYeVb/4+wDcODmqmUjJREL+B/4ag5/w189qAUKFCgFKbbF+NuMWL3iGu/dQ13i9kp5iBk+29JqAJByCQfUUGyuIPZ9tty0Fbomm22It+tjJCHASESyd1pWTk5JyQry6bDpkS92ifY7nIt13iuxJsdXK606MKSf+R6g9DW5OAPENrW+i4ja1tqvNvCWJzRVhXKBhLoHmFYH1zXXGrhHb+I0Bt5pSIV9jDDMvlyFp/wBm4BuU+h6j70FWdiYv95qsEq+F5Y2B5c/6zP1xy/lRPbZcb/SGk28jvQ1JUfUJKm8fyP2q4OBXD9XDjRjkSe80u4yXVSZbiD4E4GEpBPkEjr65rInHbWSNccRbhcYjhXb2cRYZPm0j97+0oqV8iKCvT0reWibkLv2bIsl4nAsTrCiOv6tCm/8AgrB1ay4b6jgNdlG7NxpraJlviymH0rVgocWtRSMdcKCxj1OfSgyZ+4PkP5V9GNCymLTwj09KnqDUeLZY7jxVtypSwkmvnOemPTavoFA1Jo+48NLE1e5sOPabvBQwhia8Gy4kJCVJO46EYJzQYHujzcm5S32EFDLry3EJPkkqJA+xpNWzLvwg4Ozm1OsTYkFJGQuLdkAD+8oiqH4yaJ0bpGNCOldUG8yn3VBbKVtuJaQB+IqT55wAPnQX12Op3xHDSdEz4otwWMeykJUP5n7Vj698/wCmp/fFRdD7gVzHJyFHqa0D2MdQtRNR3qwvuBKpzKJDCSfxLbJCgPflUD8kmqR4hhCdfalS0coF0lBJxjbvlUEfqz+zXP8AgOMtgJICX1ORznz50EY/KqwqScNbmmzcQNO3Bw4bjz2VqPoObB/nQau7YMW3u8LmJUtI+NZnNpiK8+ZQPOPkUpJ/sisWgkdCRn0Nai7a8uRy6VigkQ1GQ7sThSxyAe2wO39Y+tZdoNP9iWUgSdVxCAHCiO6D5kAuA/bb70k7aJ7rVel3UYDgiOEE+ocSRmo/2TtW2bTOrLs1fJLcJM6KlDT7x5UBSFFRST5ZB2/q0x9pXV9u1hxDTKsk1M23RojbDbiAQkqypSsZ+Y+1Bs7Qd9a1Roa03hhBQiZESvkJGUnGCNvcGvm9MSluW82hQKUrUkb+QNbm7L89l7gvaeZ1A+GcfZcyr8BDhwD6bEH61Lrpw40XdgozNNWl0q/EpEdKCfqnFB85q2R2UlJtnBe63EjlxMkvFXqENpx/I1UvaU0dojSc+A1pJ7uri6pZlQW3u9baQAMHckoOc7E7+1WPwSv1rt/Ztuonzo0Ytic1hxwJJUUbADqSeYdKDLES6y4F7busB5bE1l/4ll1J3Srm5ga+hXCfWTGutD2+9MhKH1p7uU0n/VvJ2Un5dCPYivnMOg+Qq7ey3r4aW1ibRcHkN2i7EIKnDgNvjZCs+Wc8p+YoNkasipm6WvEVaeZL8N5sj1ygivmUPwj5CvpVrbUdq0xp2XcL7J+GhJQEqWBzK8SggYT1O6hXz011p46W1VPs4kty24yk90+30dbUkLQr2ylQoGGhQoUAoUKFBYfBnTeuLzfXJ/D5Zjy4IHeyVPJbQkKzhKgfxA4/Dgj1rSEO+cZ7XGBuOj4U9LXUwZ7SOf8Asq5z9E4HtVVdjWfIZ4iXKAheI0m3rccRjqptaOU/TnV962WrptQYp4s8ctWXeFO02/ajp8KJbltuEmQU+aM8qeVJHXAyR54NUZVh9oG7O3fi7qJ11SFJjyPhGykY8DYCR8z13qFWO0zL5d4lttjCpEyS4Gmmk9VKP8h6nyoHHRGlrprLUcSz2ZguyX1eJX7rSP3lqPkkf9BvWyrr2fNCzrC1bo8WRAfbQlPxkZ4hxwgDdYOUqyRncfLFP3BrhvA4daaRFaSh66yAFTpYTu4v+EeiB0A+vnRXFzitZuHNvSJOZd2fSVR4TZwpQ/iWf3U58/PyoM5cT+zvd9KWiTdrJPTd4MZJcfa7ru320DqoDJCgOpxg43xVYWc3LWc/S+ly+2ENOfBRFL6Npcc5jn6kmpXrLjlrbVDMmM5cUwYD6VNrjQ2wgFCtikqOVHbbqKgekXFs6pszjSilaJrBSR1B7xNBrC0dlnSrCP8ASl2u0xef9X3bKcfLlJ/Ovbt2WtKPMK/Rd2u8N/8AdLhbdQPmnlST/erQaen1qv8Ajfrg6D0FMuUfkNxdIjw0r3Heq/eI8wkZV9KDFOq7JeuFfEBcNucG7nAUl6PMjkjKVDKVYPTIJBB9xvT9wa4VTeKcq6yF3QQo8YjvZC2y8tx1eSBjI9CSc1Xd5uk69XKRcLrKdlzJCud1505Uo/8Azy6CtYdiuGtvR9/lknu3pyUJHllCN/8AEKCr7/2atcW5Tirf+jrq0D4e5f7tZH9VYAz7ZNVLqCwXbTs5UK/W6VAkgfs5DZQSPUZ6j3FfTesy9rrWMRFsGlXLLIXLWpuQ1cHm+VtABye6V+8fI42HnQZz1frC7ari2dq8vqeVbI3wraysnnSDsognHNjAJHXlGd6R6QtKr/qi02hKyj42U2wVjqkKOCR74zTPTlpu4KtWobZcG1FKoslp7I8uVQJ/LNBu2zcFOH9saaSnTkWUtpHd88vLpX/SUDsT74+VZt7UXD636M1NAmWGOmNbbk2o/Do/A06gjIT6Agg49jW2I7qXo7bqPwOJCx8iM1nvtntMK0TY3FqSJCJ5DY8yC2ebH5Ggy45fEjRsayxzKQ6mc7KeUHSG1JUhtKUhIO5HITkjzpnEuQNhIf8A/UV/zo+7WuTa3Y7cxCUqfjtSkcqgrLbiQpJ29jVp9nnhX/l/enpt1C0WCApId5djIWdw0D5DG6iPLbzoGPhlwl1NxEdL8BtMW2JVhy4SshBPmE+az8tvUitGaY7MukbewgXyVcLu/wBVDvCw1n2SjcfVRq8LfCjW6EzDgsNx4rKAhtptISlCR0AA6VC+IPFXSmhSGr1cCqaRkQ4ye8dx6kfu/UigaX+AfDh5kN/oAt+im5TyVD68386rfWnZahOMuPaOu7zL2CRFuHjQfYOJAKfqFUuY7VNgXMSh6wXVqMTguhxtSgPXl/61cWhNfae1xBVI09cESC2AXWVDkdaz/Eg7j57j3oMmaKst/mccrRZOJolSVx++eLE9wracDbKlJ5STylBKE7jI2qptT3aRfdQXG6Te7+JmPreWG/wgk9E+w6D5V9Edc6WY1PaJDKCiPce4eZizeTmWwXEFCsexCiCPr1Ar536lsk7Tl9m2i6td1NhulpxPlkeY9QRgg+hFA2UKFCgFChQoL07HKSeK0gjoLW/n/wBRqtm3CU1BgyJchQQyw2p1aj5JSMn+VYt7H8lLPFlTaj+3tz7Y38wptX8kmtD9pa+rsXCO7lkjvZvJCSc45Qs4UfsDQYZvEpy7X2bKQFuuS5K3EgAlSitZI29dxWy+znwjRoq1i9X1lKtSS28cqt/hGz+4P6R/eP09cxDs0cG1RFRNYapjlMjZ23Q3E4Lfo8sev8I8uvXFX/rPVFs0dp6TeL0+GYrI6DdTivJCR5qNAw8YeIMPh3pF65Pcjs93LUKMT+1dx1P9FPUn6dSKwHqC9XDUN3lXO7ynJU6SvncdWdyfQegHQAbAVJeI/EG5a51TJu1ybb7koUxGjODnRGaPTl/p+fN61CcUApz0x/8AUlp//GM//uJpsxTzo1sOausiD0VOYH/6iaD6YjpWT+2tcXDdNM21Lx7lDL0hTQ/iKkpCj9OYfetXp6fWsQdrhx5fF11Dx/VtwWA0PRPiP8yaCla2F2L7mH9EXq3cmFRJ/e83qHED/wDrrH2K1h2JQgWbVRH4zJYB+XIvH++g0zUR4naQha10dPtM5lK3FNqXHcI8TToB5VJPlvt8jUnLzaX0MFxAdWkqSgqHMQMZIHoMj7ijz0oPlw82pl1bbgwtCilQ9wcGiz0V8j/Kplxa00/pPiFerZI3SH1PMr/jaWeZJ+x/KofjO3rtQfTXS7ne6atLn8cRlX3QKzZ22XfHpRrm/wDuF4/uDP51fXCad+kuGemJf+0t7JPzCQD/ACrO3bYczqLTDWdkxHlY+a0/8qDOUGLIuE6NDiIU7JkOJZaQNypSiAkD6kV9G+HWk4ui9H26xw0pxGbHeuAftXTutZ+Zz9MDyrHnZZ04m+8WoUh5AVHtTS5ygRtzjCUfXmUFf2a3WTgUFP8AaI4oHh/p9qLa1oVf7gFfD5wRHQNlOkefoAdic+mDhuZKkTpb0qY84/JeUVuOuKKlLUdyST1NTjjnqZerOJ97nBznisumJG32DTfhGPmcn5moFig8p80Xqe5aP1HFvFmeLUqOrJTnwuI80K9Ukf8AOmTFDFB9J9Dapt+sdNQ7xanQtp9AK0Z8TS/3kKHkQcisvds62xY+srJPZCRImQ1Jex1V3awEk/RRH0qu+C+upmh9RyHWJjUeHMiusvB/mLYVyEtqITk8wUABt0JHnUJuN0n3NMcXGZIldwgoa75ZWUJJKiAT7kn60CKhQxQoBQxXtACgsns4yjE406ZUVYS4640ffmaWB+eK3LqfTdt1LHiMXhnv48aSiUlonwqWj8PMPMZ8q+fXCx8xeJelHgcct1jAn2LqQfyJr6JXi6QbNbX591lNRITKeZx51XKlI+dAuGBtUW4haNteudNv2e8tcyFeNl5I8bDmDhaT6jP1GRWY9f8AaHusvXMGRpcrZsNtfCg0rwmcOiuceSSMgDyznrWr9MXuDqSwwrxanA7CmNB1tXmAeoPoQcgj1BoPnNrHTk/SWpJ1kuyCiVFc5ScbLT1StPsRg0zVubtB8K29eWH4+1NpGooSD3ByB8Q31LRP5pPkduhrET0Z1h5xp5tbbraihaFpIUlQOCCD0INAe69FYgtNwS4t95oplKebTgHmB5UDcjHKPGCCckYAzkzSzncamtDpOOSYwrPphxNIu6NdICmlBxH40HnT8xuP5UH0+T0rFHa+CP8AOq1ypUHP0cyVK5tiOZeMDG3n5ny6YrYmmJqLlpy1zW1haJEVpwKHnlINZJ7YsXl4lQH8H9bbWx/dcX//ACoKCxWk+xXcO7vupbcT+2jtSQPXlUU/8VZx5MVcPZRkLj8YYjSDhMiJIQr5BPMPzFA+donWF705x3i3C1ynGXrZFZ7gfuKSocy0qHmFEkH/AKCtIcLNdwNf6VZu0EFp8HupUZR3ZdAyR7jzB8x75rNXbDgd1xFt8tCVcj9uRzqxtzBxaQPsPyqv+HeqndN2y9KjXZduuDXczoGEqUl59CuVTagNsKbUob7UFw9tHT75fsGoWY6lMJQuHIdSnZB5uZAV88qx8qzCBuDW7eGnECwcX9KSrVdY7CZ6me7nW1w5C0n99vzKc436pOPYnLvGvhdN4d339X3kixSlExJRGSP/AA1+ih+Y39aDVfZsurF04P2LuSeaGhURwEYwpCj09sEVRvbQcWrXNkbI8CLeSD65cOf5CrC7Gs9L+gLrCKh3kW4FXL/RWhJB+/N9qYO2ragWdM3YdQp6Ir6gLH+E0BfYmhAf5VzSnc/DsBXpjnUR+Y+1aH1xczZtHXq4pVyrjQ3XUn0UEnH54qg+xRJbNq1TF/1qX2HT/VKVAfmk1bXHlZb4QarUnr8CsfcgUHz3UpTiitZJWs8yifMnc1ziuyNzXnSgsbTnBXXWobRFudttCDCkoDjTj0ptvmSeisE5xT/H7N2v3VAOMW1keq5YP8s088E+PStJWgWXVLb8y3x0pRCdaA52UjOUK/iHTHpv7VZMztP6VbT/ANntt0eXttyJA9xnNBSszs7cQ2HOVm3QpI/iamtj8lEGqmmRnoUt+LKaU1IYWptxtQwUKScEH3yK+kWhNSx9YaTgX2Iw9HYmIK0tu45k4JHl8qxd2njFPGO8Ihsoa7tDKXeQY5nCgKKj7nmFBVFChQNAYlBPQUciOo+VO0K3FxKSehAp8i2TJGUYz6nr9KyvlrT2mImTFYUOQLxAnJSSYsht/wDuKCv91bg7QcdVw4OX4R/GC0hzbzSFpP8AKspt2judijHnWqXp7V74DOyC4CFWlTbijv4kJ5VZ+qTWdORF96+kzXTEYszvN+E1oXssaoes05/S1xUfg5i+9hqPRD2PEj5KAz8x71XjJY350pCj5U7QXGY7yHmiGnW1BSV4wUkbgiuS3Pmv8V4x7bQqj+OXBiPqtL9+0+0hm/pHM80NkzAB+S/Q+fQ+tTrhrrWNq21lBcQLnGSBIa6Z/pj2P5GpvXo0tF6xaPtnMafOKVYn4zrjTzK0ONqKVoUkgpI6gjyNEtW7DiS4hRQCMgHBI+dbB436DizobmoITITMax8UEj9qjpzH3G2/p8qodyyo3KU9K4svLnDbpvC8U6o3DS/ASZ8Xwm0+DnmjtGMcnJ/VqKf5CqT7X8cyNYWLlScpgryfXLlWr2dXynTE+ARgR5XOn5LSD/MGob2ioSJmsIZ2UpENII9MqVW1uTWMUZFenzpl5UBwdEn7VbXZYtjq+LTMjHhjQn1K/tAJH86a3LMk7clWv2arYiLq26vBICvgQkH5uCqYuZXJaKwmaTEbQztcXJb3EGFCjOK7uPb0B5GdipSlkZHqEq2PlnaqJSVNrbVyoPdqCgFJBB3zg+o+dXXxkiLvXEi+zFJ6P9wn+qgBI/lUZ0zw4u2rLg9CsrTKn2mi8oOucgCc46+pP/wVtXPS06iUdMoUze5Vu1KL3Yz+i5TbxeYEc7Mn+Eeqeu2MYOOlbF4caysnGnQ8yzahism4obCJsTOOb0eb8wM/VJ29M4/l2d5h1ba04UhRSodcEHBpRpi73TSOoIl4s7pZmRlZH8K0+aFDzSRsa1i0Sq0/wJ0TceG/EjU1jllx63TIrciDLx4XkIWQc+ix3gBH16Ud2w2W18NIbqjhxu4t8n1SoH8qtHQGqoOtNMQr3bjgOp5XGj+JlwfiQfkfuMGs8dsXVDEudadNRHkOKilUqWlCs8iyMISr0OCTj3HrVhF+yVqJFo4kuWyQsJZu0YsJycDvUHnR9xzj5kVqPjBAVc+F2p4jYypcB0j6Dm/3V8+IMiVbJ0WfDWuPJYcS8w6NilSTkEfIit2cJOJFq4m6a7l4oau6Ge7nwSdzkYK0eqD+WcH3DA4OQD6jNA1KOI+kp2itXT7RcGVIDbilR3MYS8ySeVafUY29iMVGAKDmhnAJ9BmvSMCrD4WcJ9Ra+mNOw4xi2hKx3s+QkhvAO4R5rV7Db1IoNs8N7YnT3DvT9vUR/wBlgNBZ9+UFR+5NfP7Xt9XqbWd6vKzkTZS3UeyM4QP7oTW9eKtzVprhTqGYyrDke3rbaV6LUORJ+5FfOvGNh0oBQoUKC1LZYlKaaKSoZQkn22H5VYfDqxwU30t6gjJkQnI7nJyrUnCwnKehznbFE21KDCjd4lJUGkgKxsfCNjSxbqYyPCdvPfoPYjevl783JN/y6opGkRk294rVzJW2hRyke3l9akFj1Y/Z9E3rTiQXmZ34FcxCmc7LwPcAefWklxmxEKJCwPUFQx//AJUYnX2OlZadwr+qfzrbj3y2/thW0RBM+tpg5T3gUDtkU1Sro6kqShWQehxSl+9Q15S4olPRO+RTRLuEArygD33/AJCvSw45/lVnM/g6ae1NcrFdmLha5a48po5SsHYjzBHQg+hrRuju0BbJ5hRtQQzCfWeR6U2rLKfRWPxAE9fT1NZMfmRSctqIFcJlp/ddxXXFZj14UfRDUpVP0hc/0cpD634Tvc8hCg5lBxj1zWVWrg042k8ySD5g1CdNcRtTaftMu2225rNvksqZLDvjS2FbEoz+E4z09aeeIus4N1dsLlohsRQi1sokhkBOXskKBA9OXbO+FDNcvL4v6jU/cL0v0rf4Q6rZtV6Rb3i0iPOc5VOnyVgBA+Wcj+1TfxCuTN81dPksqK20KDLZxjZIx/PmqjoV+VzDmWRj1qT2y+BRBKya4M+HLXF2/qJ20rMTO0p7gYGRuasLgiW4uppjZIC3ovKj3IUD/Kq4hzkvkdN6fLe46y6hxhSm1pOUrQcEH2NebjzW4+SLzHppNeqNFeu7Y2NXXfu8KCpClbb4zuRSG/2xi0zWF2F6cyh6IlSlrVyLPOCFDw48JxjH86dQ3zkrWrKlHJJ3PzNFuo5F83hWcYHeDmH2NYfrd2mfzP8Awt0eFdTbQjBPKKjk+2N7+H8qsa4shIOB/wBaiF0UE83N0r0+LyLyyvWD7wG1S/pLWrUJanl2y5qDLrKBkBz9xYHkQdifQ+wpg7Q2oNP6q1m3P08yr/u6USZBHKH1bYPL1BSMpOdzt6VFLnLSlZLZIUOhGxBqOyHOZW+a9/HMzXy55X1ddYMXLsvx0X62NTJqJP6KgvqwotqSAQ6SMFCgkEY88DqCao+CLtYP0bfbdIdhLdW58LIYdwsFspC+nT8Q69c0ocvktzRzdiCmG4LM0zChPN3j7ikcoUfLCQnHkfF5+TL4lJCSpXKCSBnYZ61ohpGxcZNIa3tDFp4s2dgvNgJTODRUhR81eHxtE+fKce/lRr2guBspxx1m+SWGRggtTP1ZHXwlSSTWZ1KSjqreiVOpznkyfU1I09CRwB0msSOdV5kI8SUvJck/+wAIP1FMXEXtCuXdmJbNKw3rRaW3G1PukgOuNJUDyJCdkJwPI5PTas9l4nyFeB453AxQfQTi801qDg9eVRkpkR3orcoAHZSEqS55eya+fOK1FA4oMWvstRxAdC7qj/QxbWoFTSiFHmIPUd2CRj1Hoay8Fp6UHJryjMZ6UCmgvePNU1CaCCk5aTg46+EUy3e+qZSQhRCj+I+tLG2yYbQAye6T8/wimadZlOpU88pKEDyJ3VXz2CmLq3d0WmdeEXuV3feUrk5seppmWH5K8ICln5VM4GlpN2LhSUtR2xkDlwV/Kn9vTyWpTUWM2BlIG3vXo25eLF+2PbPomVUy4D0dCS4nCleppMiOte+KuriJpZmNZoMpDIPdHDx+fmfrUGXHb5MNhKU4/dFacbmVz06qotSazpFZ7UJCY4iOvqWUDvu9QkBK/MJIO4+dcphPlvvEDmA9DTiu0cz5VkhKt8EU6x0oaZ5CBXR1ajwqYIrLyklSQrw9cU5R21nHeIKk/wASR0+dWdw/02zKtj0l5sYcPgBHUUrl6ZTGcPwqEl3w9U9ceVedf5THGScf3DSMU62r6Yh+4R4KFlBRDY7hooTg8mSRn1O/WhCjvxnRscdasZzTLbkFu4wUcqVH9a0B0z5iuG7QkgeEfasZ+SraFu3IrTjnepAUNz7VN4DXKAcbe1RyBA7hzwpqW20ApGa8LmZImd1b0grQ2PpXDzRKSBTghoEYot5k42/KvLi/lrpFbm2VAg9B6VCb9F8KjtVkzWRggDJqH35nKFYG9exwsuphjeFQXjKHSKZzknYZNSu7wFKeJ6knPSiYFpC1ZUPL0r6yuWsU3LkmJ2j4ZITzLOB70nWsr2b2T61IpNrdmTlx2RyttJ5lq8hSKBa1T5pjsZKQcEj+dXjJXW9o1JjKDnwj5mkxCiSSdverdb0KEwlgJJWU7HrVeTraqPLcZWkhbasEGqYeTjzTMUn0m1Zr7M7vdoQ3yLUV4JUCMAHPl9MUSNxtvSt6EonKa4EdSE10KikuKPgBwk9RXoOFYV1r1DRLmw6V66g5NABnOUmjEr28XWiRzJrsAHqKDRBhH4RhTX+yR/hFJf0W5JOXzlI3APT7VIY4QuHGH/go/wAIr1xaG2inYZr4yM9o8Q7elHI6lxJCgyopIOd+lSS1CMhffOqAkLGCpW4/6UwXFxKFp5Tt54pK5cENpy2QpZ2AJ2FaXxzljwiJ0sKWmPOhuRZHKtpaeUpO9VFqLSky0ur+ESZMQkkFO6k/MUqenr77CVlSjgZ5vuSPSlzV4dbCWyULG5JyoZ9tjWvFxZeLO6zuJ+lbTF/aFIgTFtl1MR/uweTn7s4zjOKfdO6NlXF1C7gBGjZBUFbFXtUqa1E0kNpLfgSc45yebY9cnr704nUTDnIWYrCcAhSSSQr6+o9a2zc3kTGqV1/tFcdfuT/EZjwYjceOnlQgYA6URLguy8htYR6bZpPH1EruxlptKMndQ3z8vOljOoRykEIII+VeFNM1Z6teW+4KrdB+EjFpZBCk4OBgUglRm2chOKNevKVowAkfI01z5wyAD1pjpkm25+yZguaQnlB86cIfKkjFR9qehKRlQo5u6tJO6htV74rW8ETCYNrGOtdLIxjrUcZvTPmtJ+tHKu7Kh4VD71xzx7xPpbqgrn8oGx6VEbuAvmHUnrTrPuSSlXiyaj02UFE4Oa7+LitXypaUcuEMHmVjpv0rqwRErklKgMUrkEOJIJ61xaj3Usb9a9eb27cwx15ODNgSVS2mgAp87qA8q6smijaCpxlXOo4J5xuKe7VLQiQefz8/SnhUsqT4BivOycrPXdYnxPtpFaz5NzK3WcIeaChj0xmoprvTMO5OGTALjcvG4KcBdTFbhODzFODn2rhSlKycD+sKphzXw3jJXxKZrExqVDS7LNYOFxXdj1CcikqbPMdPK3GWM+ahgCr5mwfiAFjCVHbwgev/AM+9R+ZZSheQohBJyM42x0r28XyvVHmIiWE4dKxTp34do964jvD1yabpdrDfQ81WS5ZUh3ld8SD55/KmyXbWmULSU5HlXXj5sTPmdqzRWj8coOCKIKCPSpbNt4UVbb+XvTU9bFhewNd9bxLPS22L8hEVgFWMNpH/ALRSeVqFBH496q79IuFCRzHYAdfauFTVqG5P3rzo+NpE7ad2U3uN+SoEBWaYJN5UVbGmBb6ledFKUT5114+NSkaiFJtMnz9MLCieY5r1N5cH73tTBzV5zVr26/hG5SZm8qGxVS+LfuQDB3Hmd6hYVXSXCOhqlsFLe4TFpWNGvoKuZS9z1JNOSL40EnChnz3qrEyFjoaNTKX61z24NLLRklZ6tQJJzz7fOkkzUiT+9nFV+JSiOprhT5PnUV+PxxJ3JTN3UagDyqpE9qN89F1FFPE+dcFZPnW0cXHH0r1ylH+Ucnr3p+9HN6plJ6uE/Wohze9eFZ9atPGxz/E6pTpGq3VH9YaPRqBLmMqxVe85HnXSH1JPU1SeHi+oT1ysxq4pc3Ct6NZkgLBz51XUe4uIPXanWLdc4ycVhfha9Ji60oL4UtCvUU/MOklO5Ofeq2tF1ACfEKmMCchxseLr6V4vK481n03rY+PL6dRv1rjnUNxj59KQKfKVA5z+dGMvAny+Vcfb1C+y1byik5H1FJJBU4CAfypUgpVt50aG0/WqxPTKfaPvR1rGMb01yLctwlK01NFRUqOaJVCCxmt6cnpVmu0EVafHyrTn1NErs4ScFINWAqAnGceVI3YgK9hXRXmz+Ve2zmF7CuuaiknaukJK1pCRlROB8zX1bkGrSpAQVggLHMnPmK4Jq/o3Zkv0q3QJDV9t6XHmgt5t1pae7J3ASRnm6+YTUdncJotj4paa0xOvUa6NXB0CUIR5XWQNylQ35c+R9M7CgqOvM1anaJ0VB0ZraOizRvhrXOiIfaaClKCFDwrGVEnqM/WqsCckCg8zQ3rUnCHgZpnUnDS1XW9mSudPWJfesulHI0CR3WOmCBucZ9CKsnT+huGd/wBOTounbRaH4fOuIuUyhLriVhIyQ4rKsjI3zQYVFdZq2NBcF52r9Q6itrV0bhtWaUYy3nGVL7zdWMDYZwASMjrUh1h2bbzZbbMn22+QZ7MZovKQ82WFkAZONyn7kVAofmrwqqZaL4dX7Vq2hAjOBtx0tBZTsnAypSvQDbPn6A02690VfNDXX4LUERTXMCpl5G7b6R5oV9RkdR6UEe5q8zWnbN2d7JqDh7Y58O6yoN2fiIkPPKAeaWVJzjkyMAex+9VZfODmorFrayWG4BpTN2kJYjT2MqaUDurrghQGTg/yqRW2a5Naq41cIdL6a4QPyrNEDNxtikO/FqVl2SFLShQWfMeLIHljbGTWVFHlyT0G5oOVZrgmtaP8ILQ92fEFNoZ/ymat3x6ZTacOre5ecpz5gjw46fWsr2S2yL1d4VthBKpMx5DDQJwOZRwM+3nQJAsijW3SDVt8WeBl00DpyPemp6bpEThE0tslHw6icAjc5QScZ23xtvUE0doa+auhXeZZo6VxrUwX5Di1co6EhKfVRAJx7UDfFnLaxuak1p1AWyApW1ROLbLjJtb9yjwJTtujqCXpSGiW2ydwFK6A0nQ4QdjWWTDXJGrQmJmFwwrw08E5UCfXNOjMpsnJUCfKqYjXB1rHKo1bGgND6y1ZY1XW1RWxB3DS33Q336gcEJB/mcDY715mX43/AAaxl/J/ZkpHQjNOEeQDgHGPnVeyrjMtFyft91YcizY6uRxlwYKT/wBeuau5vhpPOkYdzhSO/uLjQfcjbAFJGQlB81Y9etefk+OyTvUemkZIMLbiVDA6+po1IHkKZI04BakLylaSUlKtiCPI04MzEFGyhn0ryb47VbRJW4ARjH0pI60jm612JQJ8ifSi1u8xBFRWJgZaSdqPif8AemP/ADE/4hRA6UdE/wC9Mf8AmJ/xCvv3nt5cWimJwlkKcusi1sJRFS5KYWUuNt94jn5CNyop5gB5nFZl4Dfo88e4HwDr78DnlKjOyUgOrHIrkUv+l5mtcas03bdWaKNmva3W7c8y2t1xpYQU8nKobkEDpWdGLBoHRnFvSqNIajlXGYZ6WXmAEPJQCCCFOp5QPLYAmgkfbHaZbt2mJD7Bcwt9nmSrlKMhs59+itjtvWWAQADk5zWs+2T/APRmn+YZX8cd/wD8vesv6Y0/dNUXhq1WOIqXPdSpSWgoJyEjJOTsKDZ/ZfuKp3B+2IVkmG89F+iVnH5EU5aAtTPDfhtcJFxCI4Q7KubyVKwGwpRKU/3AgfPNMHZSQ7H4by4ElstSYdzkNOoV1SrIJB+9Qzth6ju8cWnT7AUzZ5bapDriT+3WlQHIfZOQceZI9KCTdk+Q9cdM6ju0kkvz7ut9eeuShO30zVQcUON+qb2b1p1tqFFhF56Ke5bJdcSFkJGSdjsBt61bfY+WlXDm4JBBUm4r5v7iTWfNUaI1W1r67Kg6auz4buLzrRbirUHEpdJSoHzBwD9aDZPC7TaNN6WbSrIlTVfGyUnohxaU5SB5AYx96hvabsDepOFbtwicrzlsWic0tB5gps7LxjrlJzVpWeT+lLHFkONLa+IYSVtrSUqQSndJHkQciqK/zguWDSOptC3KC5+l9OWp5tK3VeGWykhLSkY3/ZKSo+mPPfAP1lv8rTHZct15gqQJkW0tFouI5khRUEjIPXrUl4f6lt+u9CWK/XRltDqJXgztyPpWpCTt0JBG3TxEdKq/Wr/ddkC1IgqcWy7HitEqThRT3oO4BON0jzpgcvq9E8CeG8Y5ZlTrome6k7EMoeKyrHoRyfeguntIAf5ldS5zju2en/nt1hq2Rm597gxWkqCJEhlnCjk+JSUn+ZrcfaH5ZPBPUSml+BTLLgUPMd82fzrG/DNjn4jaXS8khtdxZGT575/5UH0OjsIZitsJA7tCA2B7AYrAF6gHRXG52IwO6Rb7ygtAfutlxKkj+4oV9BhWLO13ZzbOJrVzaHKm4Q0O5A/1jeUk/YI+1Bo7j+taeDWqlNNd8TFAxjOElacq+gJP0qsuzZYy7wJ1M5GWUzLmuS2FJGSOVrlSPzP3q87OY1+0VBRNQl6PcICEutr6LStscw+xNU5pm1z+G3BniLb3UutmBJlqiOrH7RpaEBCwfPY/fNBIuzLYY8PgxbkPsod/SCnX30rHMFZVygEHbZKQPpVQdoPgqnTTL+pdKNq/RAPNKhjf4bJ/Gj+h6jy+VWv2TLn8dwkjxlklcCU9HJPoTzj8lVLtB6qY1tG1NBmNNKcttyk219nGQtoKISSP6Scj6Gg+f8NlyVKZjMjmdeWltAHmScCvo/puxMWKyWm2RB+pt7KWU42zhOCoj1JyfrWNrDopFo7S8HTXKTFjXUPNBW+WUjvkg/2U4rUPGzW6dE6TS62somz3hDjrHVtSgcr/ALI3oKo7X+nO6RadUxGwOVXwUogdeqmyfsoZ+Qq6nNVwbJw1jalnhxUFuAzJWGgFKIUlOwGRk71GuNDaL5wCvDwV3gMFqWFnqeRSFk/kfvVf6vuTp7IlsWo7vMR45z/D3pT/ACSKgccbosJ60QNfaYfQ9bZ6kokFsEAqOeVzHkcgpUD549aq+HqZCwMnB+dS7h1cE3Psw67t01WUW50uM58irkcSP/UB+9UK3KWjoa5cvEx5PMwvF5hdEO9IWoDm6+9On6QSQPEPvVJxbu40R4jT1H1K4lGDk/WvOy/Gef2tIyoKOlejcYBwTtn0rkdK7Fe4wb509O/yt4FMyVhKvjbG424k75V3RQc/UVibh673OudPOdAieydv64rUHZiuDt64NXaztlPxMRyRHaysA4cRzJ+QyojPtVOvcJNUaDudhvN6aimEm5R21qju953ZLgA5tthQWt2zyf8AJnTo8jMd/wAArPE16FaLdpq56XfnQ7suO6ZjglpKkuhXLlIT4kAg9Fdc+2av7tnOKNq00yhtxQ799xSgk8qQEpAyeg86y2w440oOsLUhQ6ONqx+YoNcdlZ1pjhXf5XxD/eCW86+pxOAhQaTulWcnYAknzzXXFotcRuznC1MhCTLjMtzyQPwqT4Hkj/3j6Cq/0LqpenuzPqhxsJckSriqCnm9XUJ5ifXw81TDs5T29R8G9T6cKEqejqfQhhOSEodbJQADk/iCvvQOHY3QpGhr6o9FXPb6Mt1Atedo+9XFqdbrHa4tvaUVNF9xwuuYyRkYwBn16irI7JTzbfC6Wypjun4k51MhWSStXKDuPIgbfSsfIS5JuKW2gDJddAQhRAJUpWw36bkUGjuypxFkKvMjSN2kPSESyuTCddJUoOAFTiSSc7gFQ9wfWpr2mLEmJY3dX29wRrjHiOW15SQOZ5l7wgZP8JP2JFVDF047w/496HthaDbqPhO8eBz37ruUuq+XMpSQPQVontFRw/wc1ISMlplLo/srSaCEaJ0yrWHZx07a5U0QIKXQ9JkKVy8kdtxSiQTsDsNzsOvlVH8ZtX2jVOpHHbUpa7ZbGk262RVNnui0lJy4TnO5xgdfCkn0q19WShbex7Z2W1FKpkeM1lJIzzL5yPqEkVlhRwlRHkDQbm1nLauPZrly3EFSHbG2sBQyebkTg/cA1kjh23La13pNscpS9PYdbQlaVZ8eN8ElJ2OxwfatXcQ4gtfZlkxXCQWbTHb29ct/7zWeOzTb7bcOLFrFwMsymOaREQyhJQVpBJLhO4AHoNz6UGr7XqUOcYL5pxx9RU1bY8pprPhT4lBZ+fjR9MUzcYuH1h1vd9Po1BIuTJBejsmI3lKlKAVhasHl/DtnAJ2qOSuNVhg8Xxp6FYEfEPTkW2ZdVqQhRVkIGMAlSQcDcirH15Jatq7bdnwzywPiHUqdXypC+4XyjPqTt9aCuuNE4cN7Jw7mQpLy49nuSGFIUfG8z3Skrz6nlyPrUo42OQ/8z2rLiw6FtTLcClfNlKwcchA9+aqV7VV5duNm4fSnUoeZkRXJZSrIStSktkg4wcY+VOcvUTmqOyQ4olPf2wtQpCU53S0tIHnndBT9QaCYdkCAqJwukyVnwy7i64PkkJR/w1F+zVdnJHGDiHHQo/Dy3npeP6QkqAP2VVqdn6G3E4M6aS2kJ76MX1bfvLUpRP51TPZhimz3jXGpJyuaNEBh8/8AtV94Vq5T5nwj70E6u8e3q7VenxHgBuam3OyJErvCe+HdKbQnl6DlGd/PPtUb7TiFai4k6G0qZSYrDxK1OqHMEKWsJBx57JI+td6a1KjUfanhutqSsRrYqKpQTy+MNcyxj2USKYu1ROVY+LOl7sgc5jRkP8nqG3skfUUF0a7tgsHAO9Wt+QHvhLI5G70p5echspBx5ZOKhGlNLr4h9mC0WiPJTHkloqbURlPeNPLISr0B238s1IO0Jcm4vAe4La5m/jUx22krJ5vG4lRBySc8oV51EuyhqdqHw7uzdyd7qHAmoSlw9Eh3AGf7RH3oK6vtruHDLgjcbJe+6i37UlwbJiJdStaIrYB5jjbdacfJXzxSPMa092wNDLUIesoCCoICYc4DJwM/q3PueU/2ay9QGBZr3n96KzQzQeJ6V2K5RRiU0D7pDVd60jNfl6enrhSH2iw4tKQcoJB6HbORsfKny2a9us3WVjuWsbjNu8GHLaddZecJSUJVn8PTbr08qhYTXaWyfKo2N1XnjHw6YtzKpl9iS2pKAtLTbKniQf4k8vhPsrBrOHHTiLprWTEKFpmxiKIrpWZi2UNqWnlI5QlPQZ33PlVT9yrHSvO6V6U2JFG1KhvhvcNLuMOFb1zauLbwI5RytlCkkdfQg048KuIU7QOokT20uSYS2VR346VJSSgnIKSQRzJVuMg+nSoYWz6U+3bSV0tWmbPf5aGf0ddStMdSHQpWUEghSeo6Ggt7g5xaRpPTOqXpNqfnN/pFErvG1Jb/AG3MPHsQP2fl1zUf1/xsf1A7FNksECzFh5Lxf5EOPuFJyElXKMJJ64GaqlqRIajPR23Vhh7Bcbz4VEZwSOmRk4PUZPqaTqTQbUttt0zxfOltbwJBjXm1yGlOpTgkKQoLUw4n55KVDyOdxT52hpjUThBqNLyglUlkRmgf3lqUABWTOCmrbtpbXlqRa5PJGuEpmLKYcyWnELWE5KR5jOQeo+RIqVdo/X7eptXuWyDOLtotai2gIThKnui1ZyebH4QdvP50DrxOlcnZj4ewknmLy0LJHlyIXsf79UdY4gl3y3RlfhelMtnPopxIP86m+otYRLlwa03YESP9JW2e8S3g5DJGUHJGPMj6VX7T/iHejcdFJ6ig+hPErTzuouHt4scFCVOyIpaZSpfIOcYKMnB2yBWc9C2Nzg5d9T3/AFMu1v3eDaw5Fix388rjrnKE4wCM7Dp0zjPWq4d19rGTBZjo1Nc/h2kBCUpkKBIAxuc5P1NRGS1IffcefWpx1w8y1rOSonzJpsESrhJkXdy5vOFUxx8yFOeqyrmz963Bx6YZ1HwMustkhSPhmrg0QMg4KVj8jWHlsBG6yAPetT2fWcCP2V2ReJyG5L8R+3Rg91dWkqCUpG+wTyjPlipFZcWrlAu3BzhiWprL1yix3WXmkOBS0ABKTzDORunz96HBG+W+PoLiNY7s4wluVbjKaQ8rHOUApIHqclJwPSqbQ8ogdB9KMW6gJypQz7UG+uHUiHa+C2m3X7izEit2yOlUvmTypJAHU7ZycfM1mLijxIQLhM07pBqPG04w6vDjC+Yy1r8S3FK9VE49gMVGpXFCdJ4PNaGUz+qRI5i+rfLIUFpQPQhQ98iq/aoLN4A3pNs4y6fmTXByyX1x1rUfN1CkJ/8AcU1dvHTQ8/VPGbRYRFkO2x5ARJeQ2VIZShzmIUcYGRtv1rJqFKQpK0KKVJOQQcEH1FaH0zxu1xE0k5fLzb2LhbGHG4TEsAtlT23MF4V4iU75I69MUDr2ydRtoi2HS8ZQB5jPfQB+FIBQ2PzXt8qgnDd1trs/cTFLcKFFcdCQDvzEgj+VSWK7oriJq6ZrPXJfiW+5SU2q3W/vSpXeIaSS44pP4BunAzjKvOopaLpYYvAHVMbunW1TrylqOttYLxATzt98FYHKEgjw7nJ6UF98FNYwOKfDmTZNQ8ki4sM/CT2V7F5sjCXR8x1PkofKskcStIydD6yuFjlEr7hfMy6R+1aVuhf22PuDXPD7V9x0NqmJfLSQXWvC60o4S82fxIV7H18iAfKpl2idZWnXGpLNdrKpRbVbUJeQpOFNOc6iUK9SP949aCp80KFCgMbGcUsjsKdICRmi4bJcIxUxsNvSopyms8uSKRuUxGyGDYnHACR1p7jaYJ/EKl8CE20wXXClDaBzKUo4AHqTTvp+Bd9SDOlLDIuLHT415QjxfotW6v7INeTPKzZrdOKNtuisR5QJel8DYGiHNLq3wDV3NcJ9dupC1S9MxiR+AofdI/tDApHc+Hmu7WguOWq2XdpIyo26SW3D8kOAZ+9aa5lY3r/tH7FKK02oeVHTLdPftcK3uuKVEhqdUy2eiC4UlWPqkfn61YcNUWZKeiKbei3Bn9rDlNFp5v3KT1HuMiln6LSB+EYrjt8jkxz03jUr9qJ9KhmafS3DiqaU4uSrn75BRgIwrw4Pnkbn3prdtLwP7M/aructCFdEj7USbC2R+AVpX5ePuEdlBOFFoca1NIuaozjyrTAkXFtIGB3jaPAVHyAJ5vmkDzqFOWx1SiQlRB8zuTV8QoMi3JloguFlMtlUd8JA8bauqTn5U3jTjY/1YrT+r016V7MqYRaHj+4ftStuwPLTsg1cSNPN/wAA+1K4tibTjwCs7fMVj1CYwqOeskmPukKT8qROtykghRVV7XezthGAgUxq0yhxHNyD7Vri+VpaN2hE4pj0pd5lwklXMfnUk07bpl50jqOM2Odu1Noug3A5BzBtzGT5pPQdSBU0l6TStB5GwPpUZmWybaRLERxTSZLKo7wA/G2rGUn7Cu7DzMeXxEqTSYQBSSDivOWnR6C4gnmTSdTJHlXVtQkCd6NQMV33Zr0JqR2kbUtbuDyLQ7bSEGI5ITJV4fEFJSU7Hy2JpEK9NQLQ4fsNyND8QbfOY5bW3bU3KMZSQpbclJCWylQSBlQVy/aq2hTzbrkmTEbStttalIakgOJIIKfENgTg9cdaPt94uFtiT4sKStqPPa7iS2ACl1GQrBBB80g5G/vTYRUjjGBivDXeK5NBwRQr01zv5UEj02wHWwcZqcWtDcYF1xSUIQCpSlbAAdTUL0U4FK5TVpaN06nVmtrLYXEkwnlGVOA6FhrBKD/WVyivPzxOTJGP8tK+I2sXhPw3Gp2GNQ6tjk2dRDlvtTgwHR5PPDzz+6g7Y3NaBKO5jFMZpHgSQ22PCOmw9hUQ4qSdQ23Q8tWi4anriAlADPLzstfvrbSdlLA6J/5YNZ8DNeX2532PYnpYvNsKJTqnZBV8fBShzDaZJxy8yugSNx6+VduPHXHXprHhSZ35lJuDnE2bri7XGNck2uIplK+7gxg8t9rkc5FF1ah3eDtgA5p61VxJasmtmdNx7HcrpJ+GTMkqi8hLTSl8gUlBPM5g7kJ6Df1x3pThnC0zqKZdYV3vJbkSXpIt/wATyxEqc6/qwME+5prd4ZS3NeQb9cNSvSrfbpbs+Mw8yC80pY3a7/Oe5HXlxV0JPrzQ1o1pCQ3cW1MzWfFFnMeF+MvyKVenqk7GqRZZuFsvEvT2oUoF2hpDiXkDDcxgnCXkDy9FJ8j7VNdW8ZoFu1Ra4en1fpa2MSe7vUiMwt1EVtWEIUHE7ZCyCRvkbCnPj1aC5pljU0NH+kbA58UCBu5HOA82fUFO+PVIrg5/ErycU/5R6/8AGmO/TP8ApBxHztiu0xgPKjmFIeQlxpWW1JCkn1B3B+1KMgDp0r4S15h36I1RkmvPhh6UsJG29FqUAdyKiLSaEJjgJ3GaOQ2kDoKJemMM/jUM0iVeWecpTV4pe3qEbiBtyYycjpXcaI2WNwM0W3dY8nwOYQo+Zpa3yISCFp5fXNTabVjplEaklMFOFbZFRG+2pK1K8O1SqZeI7OUhYUfUGmOXcmn85wB611cactZ6lbalAJNmQVqynbypomaeSUlSRU/kpaUkqSQflTY9y85QfMV7mLl5IYTSFcSbItJISOlInbY6j92rRVCQ4Obl6mi1WpCgfCPbauyvyEfyU7aqlRHB1TXBYUPKrLesqCTlNIXrEk9E9a3rzaSr0Sr5SCPKuCmphKsWM7U0SrUtBOEmuimWlvUqzEwY1CuFClz0ZaOopKtFa7QIIrw10RiuTUhXpuWY1wSCrAJrUnZjQmTry/SiQVM2xhpPyU4pR/wisjqWA6VNgpGcgZzitFdkm/oa4iPQ3173G3Ftv3W0rn/wlVZzSJvFk78aa6MsfpD4PuX8913ve92e7645ebpzeePSiYdrgQps2XDhx2JUxSVyXW0BKnlJGAVEdSB601X7UqLfKdt0SHLl3dTIXGYDCw24SSBl3HKkAjKiTkDfB2FCPNkWGOp3Vt7gFEh1DbKg18OlC1bcmSo82/Q7e9aIQe/Trpc9QzGHbmpuJA1NbmGGQ2QAjkStYyhJUSorx4jyjA6VL+HU+fcrXdE3aUZbsW5y4aXVNJQVNtuFKchIA6e1FXPh7aZ13m3IS7zEkTFBb4h3F1hC1BISCUpIGcACldqh2XQtrjwW5DjTUuWQ2qS6p1br7hycqOSSdzk0DjAtVr07anGbXbWY0RHM6WIrH4juo4SBlSifrXN9Q3ctKXBCkLDUmE4kocQUqAU2diDuDv0NQ6RqbVGmZI/yktguVuWpRVNgpCEtDOw5ckkEHG+NwSSBT1xA1Ci1cM7zeXW3GsQFqQ04AF8604SkjJ3yoDFRIozQsxS9G2VS1Er+DbBJ88bZ/Knh6ZgZyBg1FLP/AKMsVuhk+KPHQ2fmAM/nmiJtz5UkJJPyr4e/G7mW0x6mZd8W1CTruSEHxKFMl71GiK0cLHPjaoRcb1KU4UstuLV7DNR+Ym7T1+Nh35HavQ4/xldxa8+GVss/SQyNVguEuOEmuWNUR3V8qXk846jNRN/Sd2kpJK+TP7ucU0SNHXiPlSWQvHmhW9epHG40+ItDLqus9u+p5/EsH03pa/qNSY37bB+dUyJNwgK5X2nUKG3iyP5125e5a0chSM+RNJ+Nx2mJO7KyF34cxUpYJol6/tqTusD2qs1TpLh3Son0TXQanvJ/VsuJHqTW0cHHCvclO1ahKFeBVHR7137zYzhX7xqAtR7i1+Mkj0VvS5l91s5KFJV7VpPFx68QdcrUhzW3OVKTv507tlBbzsQarSyTVlY5ubA32FTy3Ol1pJwoHqNq8flYO1Laltl62gvoNjXCooAA5QcedKWknAzR4QVDIz1rhm+l9GiRAGNhTJNgJ3wmpo62OTfemec2BnNbYc07Raqv7lBAztUamxuQkip5dEjcYqJXIDJr3+Nkm0eXPaEdcTg0UaUvjc0mNdihEepp+0jepdivkG4W9zkmQ30yGCenMD+E+xGQfnTCepr0EggjYig+lfD7Vtv1tpiJebWvwujldZJ8TDg/EhQ9QfuMGkdtto1Bd3rxqCE6l6DIcYgxXUkBhCTguDyWXBvzDI5cJG/NnFHC/iBedHXP42yvoClYEmM8T3UpI8leivRQ3rV+ieO+kNRpbZuEr9B3E4Co84hKSf6Ln4SPnio2JtpuXIuN4v8AIU8tUNqSIcds7AFtIDhx6lZUM+gFNtvgNap0lOsl/JkPw5LkR1xW6wttXM07n+LkLS/mTTrpRu0wLatm03FEqKt1bySZKXQnnPMQFDyyT60z3jUOitK3Sfeble4USVIQlLyTL5ubl2BDQJ8WABkDOAKkPWmZVzfafiXqApl6LhoyQU91L2/GhIOQMYyCBgkjyqie0BrmNd74xpa2uJXBtjyZFxWn8K3k7tsj15T4le+B60zcU+0O9dI7ts0Kl6HHWOVy5PJ5XVJ8w0n93+sd/QCqFanKaRyoJxkkknJJPUk+ZrPJE2rMR9pj2s9V3S6cFW9HsyG3E+6qq9u6uJ6mlrN/cQOv515lvj51+1rGRa0JcWOw54EFaxgkgflTHKuDbbqvn1qFr1I6U45qb5F1cdVkqqmL4+0TM2lM5U8VdkBYTzAZ969Nwzud0+tVybgsncmjm7q4kY5jjpiuieBH0r3E+U7GkJ5Xm0LB8lDNEizWhZ5vg2c/1ahzd3WDnIp1g6j7ofrEhY6elZ242Skfski8T7SFFrtqDlEdApSlMdsYDSAPlTMvU7BBLLQSVDz8j60ldvPfLJJABOetZdnNb+7a3VEejzJ7lagnkT9q4jQ4y1hK2kK+lMqrjzDwqFK4Mz9YnferzivWviUbiZT63QITUYIRHaBVvnG9Km4zLWQlIHy8qZrfMIbSpRH3pxZlAjc5rxslb7nctomCsoATkHavQpIT139aSLdSroqilu5H4h96pFJlOyt1YGetM893c5pQ9J5R7+9MVxlJBUArmI6nNdGHFMyraTPdXRlQzUTuTmCQKdbrJ3OKjkpfOo7/ADr6Lj4+mrmtOyN40mV1o507mijXUqQnqa8r0jehg0BsZ5TLoUmnRTwfTk4KT5HpTNinO0o78lrOFeVRIMCQB4cpHok4r1KUhWQkc3rjf71282tlwocGCK4zQd5ryvM0M0AoV5mhkUHua9zXGa9zQdYzXmDQBocwoPMn3r0KPqa85xQKx60HYcUPM12H1/xUSFigVCmgrRKUnz3p1t01KSCo1HObeu0OlJ2OKrasTGpTtYUa65GObb506R7lkbmq2jzSnGac49zHmquLJw6z6Xi6wkz8jZVGiWEoz1PrUKYuaf4qUi5A7lW3pmuS3DmF+tIZMzKTk4HnTDcZSQgkn6UQ7cApO5plmy+cqxnFdGDjdM7lW1hE5/Ks01OrzmjHneY9aSqNejEaZOFHJopagDXbivIUmcPiqw85aHLRzbZWrFKhFSU9d6Bv5aVW5wsyUqFHCAcZzXPw5bOc0EhuJamxkKGA6B19aj5JSog+VBUlQ2zRKnOY5PWq1r0+Adz17z0n5qHNVgcV15zUVzUOagN5qHPROaHNQTyy6GXeLbb3o10ZTLltGR8MtpXhZEjuFK5uhIJ5senvtTi/wumfDXlcW4Bx63ullLK2SgvKABwNzjOdvzxUQi6vvsS1x7dGuLrURggtoQlIIw53gHNjOOcBWM4yKOVrbUHJMQm4FtMtSlPd20hBJUnlUQQnKSRsSME0D0vQCXBP/R97jSzbe+bnYZWgNONsOvBKSoeNKu4cTnyI6YIJKj6EXItsKY1dGVokw1S+ZKCW0qSpI7rn6FY5t09R703K17qVT8Z5V0cLkfn5D3aNypBbUVDl8ZKCU5VnaiHdZXxyMI6piUtJ5tkMtpBKsZUcJHi2AB6gbUDm3oWS7LYjMzo5W7dJFs5lZCU9y2ha3TjflwvoMnb3pt1DY2bZDgT7dcUXG3TC6lp4NqaUFtlPOlSVdPxpIIyCD7GjH9eakfU4V3NYUuQmWVIbQlQeSEgLBCchWEJyR1xvmm2+3+5X15py6SS8WUlDaQlKEoBOThKQAMnc7b0DfzUOai80M0BoWa6DhHnRGaGaBWmStPmaOROWnzpuzQzUaDoZyiNyaIcklQ60iyaGTTQNUvNcKXXBNeVIFcKG9d14aA1KuXpRqXlA0KFB38SrFFLdUqhQoCjmvN/ShQoB9KFChQDf0oUKFAKFChQChQoUAoUKFAPpQoUKAUKFCgG/pQoUKAUPpQoUAob0KFAMGvMGhQoBg0MGhQoP/9k=','Doubleday'),(2,'Rayuela','Julio Cortazar','El amor turbulento de Oliveira y La Maga, los amigos del Club de la Serpiente, las caminatas por Paría en busca del cielo y el infierno tienen su reverso en la aventura simétrica de Oliveira, Talira y Traveler en un Buenos Aires teñido por el recuerdo.','data:image/jpeg;base64,/9j/4AAQSkZJRgABAQAAAQABAAD/4gIoSUNDX1BST0ZJTEUAAQEAAAIYAAAAAAQwAABtbnRyUkdCIFhZWiAAAAAAAAAAAAAAAABhY3NwAAAAAAAAAAAAAAAAAAAAAAAAAAAAAAAAAAAAAQAA9tYAAQAAAADTLQAAAAAAAAAAAAAAAAAAAAAAAAAAAAAAAAAAAAAAAAAAAAAAAAAAAAAAAAAAAAAAAAAAAAlkZXNjAAAA8AAAAHRyWFlaAAABZAAAABRnWFlaAAABeAAAABRiWFlaAAABjAAAABRyVFJDAAABoAAAAChnVFJDAAABoAAAAChiVFJDAAABoAAAACh3dHB0AAAByAAAABRjcHJ0AAAB3AAAADxtbHVjAAAAAAAAAAEAAAAMZW5VUwAAAFgAAAAcAHMAUgBHAEIAAAAAAAAAAAAAAAAAAAAAAAAAAAAAAAAAAAAAAAAAAAAAAAAAAAAAAAAAAAAAAAAAAAAAAAAAAAAAAAAAAAAAAAAAAAAAAAAAAAAAAAAAAFhZWiAAAAAAAABvogAAOPUAAAOQWFlaIAAAAAAAAGKZAAC3hQAAGNpYWVogAAAAAAAAJKAAAA+EAAC2z3BhcmEAAAAAAAQAAAACZmYAAPKnAAANWQAAE9AAAApbAAAAAAAAAABYWVogAAAAAAAA9tYAAQAAAADTLW1sdWMAAAAAAAAAAQAAAAxlblVTAAAAIAAAABwARwBvAG8AZwBsAGUAIABJAG4AYwAuACAAMgAwADEANv/bAEMABgQFBgUEBgYFBgcHBggKEAoKCQkKFA4PDBAXFBgYFxQWFhodJR8aGyMcFhYgLCAjJicpKikZHy0wLSgwJSgpKP/bAEMBBwcHCggKEwoKEygaFhooKCgoKCgoKCgoKCgoKCgoKCgoKCgoKCgoKCgoKCgoKCgoKCgoKCgoKCgoKCgoKCgoKP/AABEIAgABVwMBIgACEQEDEQH/xAAcAAABBQEBAQAAAAAAAAAAAAAAAQIFBgcDBAj/xABLEAABAwMDAgQEAwUEBggFBQABAgMRAAQFBhIhMUEHE1FhFCJxkTKBoRUWI0JSCLHR8CQzYnKSwRc0Q1OCorLhJSY2wvEnRGPS4v/EABoBAQADAQEBAAAAAAAAAAAAAAABAgMEBQb/xAA1EQACAgECAwUHAwQDAQEAAAAAAQIRAxIhBDFBBRNRYXEUIoGRobHhMsHRBkLw8RUzUiMW/9oADAMBAAIRAxEAPwD5bopQJIFdlrt+UhDvHE7xH22/86A4UUilII4SoH1KppAsdCJoB1FN3j0/WnB1IEFEn60AUUF1M/gER0k9fWmb/oaAfRR5qYH8JJP1PP605LoV+FhMx2J/xoSNop/noEfwGj+av8aRdwhSAkW7SSDO6VSf1igG0UvnCfwJj05rq1dtouEOKtGHEJ/7JRXtVx3hQP60Bxop7aS4HFNoBCRJ57VzQ4Eky2lX1n/GhAtFc9x9vtQVmgOlFct6vWl3mgOlFct5pyHSkyQDQD6K5qcJUSAEz2HajcodTQHSiuW9XrRvV60B1orlvNLvMUB0orlvV60b1etAdaK5b1etOJUBB4/KgH0VzKjSb1etAdaK5b1etG9XrQHWiuW9XrS7letAdKKajcokCOBPNIoqB5NAPorlvV60bz60B1or22tn5uKubtX/AGakpT9T1oqupGixtqzxoMLSRyZFIeJSfXrSjqO1LsAmTBFSyiRxESZmmiujsBRgR7VzAqSBQJpKWkFALxSd6O/NBoA6V0adUy4lxtRSodCO1c+1JQEksNXjRWlKWrkCSkcJcPsB0Pt0/QGPWkpMHrQDFd3ny+lPmAFxPG+OSPf1Pv1oDzig0ERRQHW2fct3UusrUhxJkKSYipZdqxlLfzrAJbu20kvW3QKA5K2/b1T26jidsJ0pzTjjbiVtrUlaSClSTBBHcUJTAiKHEBO3asKkTxPHtXouXkXA81W4XBUSs8AK9wAOD615T+dCAooIog0AGO1O2fIFSOvTvTYNLzQAkwa9F3drukteYEbm0BsFKAngdJjqfc815hxRQCpiRumPakPWkooAooooBaSlPWujTYWohS0oABMqmOBMcevT86A5iujqiUpBgwOsyfpXM0pjb159KATig8UlLNAJRRS0AlOSrbPv7U2igO67hTjaEEJhPSEgf3CmuuLdMuKKlAASTPA6Vypf7qAIG2e9dzavptUXCmnAwpRSlwpO0kRIB9RI+9cO9dUPOoQtCHFpbWIUkKIChM8j6gUBM2BJ0veJCk8PIUQR+VFeWzn9m3SiBthKZ4/qmisaps64P3UeJH4hzAmuiz2Ck9/pXNIJUI612WhSUuIcSUbedqgeK1fM5onlcEmevam/Slnr6ek0g5NSVHusuNEeYhSDAMKEfSmAT7V2uFlbaAQQUiOvFFuWUvJL6SpuOQOP89qWTRxgT1mkpT1mk70IDtRSxTaAUUdDwaSloDopzc2EkCR3rlUzpnTeV1JfC0w1m5dPRKtsBKR6lR4FT3iNolvRd1ZWi8tb3t861vft22ylTB46mSCDJg8HjoOJq5xUlC9yyi2rKRXVhhx9xLbKFLWowEpEk/lSbdioWIIPIIr3DKvMNeTZqFu0FqUlaEJDwBkQXAAoiDETHtVipK4PBWTd48dU3pxtvbKh638tRuVmJ2pREA+6iAKtV3k/DI20Y3TWZeuEqDm168DQUARKZBVII9AD6GsvKieSTTkuLSRtURBng96zlj1O22WUq6GsYrUvhwMcU3WlwzejcpPmNOPoJ5ITu89B9BJTTbjxLwdqltGK0XgXEoVIVc2DYI+0kn6k1l11cF9e4hIUQNxCYk+tcJqq4eHNt/Nk62aVY6z0tkWr5GptH49LroHkvYtsseWZ5lO8A1K6c0boPU+WDGPzl9YpdJLTdyWiVwoDyxyk7jMj5eeYmDWQg09oOLXDe4kCeO0cz+VTLDz0Sa+v3Cl4o3zWXgC4q7Q5pK9ZRbKEKYv1qC0q56KSggg8dYMnvWMao03lNMZJywzdqq2uEiRMFK09lJUOCPce46ipnE+JGrsY4wWs9fOIZja0+4XEkRG0hUyI4jt2rQ1a30t4mMY+w12q4wrts4tSF2ZHlOKXHO5aVFAG0DmR7iKwhLPh/wCz3o+K5l2oS/TszCaKvmb0M06685ozJ2+dtUFUtIKUXSAkn/siZWIEhSJkckCqMpJSSDwRXXGSkrRk1XMZS0RxTthAlXE9JqSBtE0q4B+UmKQUAlFKetJQC0lPCgEkFIk/zdxTKAKWKKSgCiil4oBKcORFNpyYgk9fSgEPFFPmUxtHHcUygJSxTOJu1cfiQP1NFe1lltGjlvhai4u6CCnoBAmfc80VnF236nQpaUiGa/1qIEyoCvQELcUUDsmSUkdPU9u9edv/AFiT6Ef305ay06C0uFc/hP5VfqYI5fIlah1HSYpokGRwKVXzklRAPWTXRTktoQACEng88/8AKpAr7j9yoKdXvUQOSRJjjmuISJ+finLWSsEAAjsBTVErMkyenJoQNPXikp6AmYVwPUcxTTE8dKASijvU1pLA3OpM/ZYqzKUu3K9oWoHagd1GBMCobUVbCV7IirZlb7qG2kFbiyEpSlMkk9AB3rYcH4Y4bDWVhmfEHKotcfcoSpu2Qlxt3fEqQtJRugdJT96s2Ww+E8FdPJuW2msxqC9IS2u8ZTtTHJUlHVKRwPxSTHIrBs/mr/N5V+/yV06/cuqUSpaidoJJ2ieg5PFc6yS4hXjdR8fH0NXFQ/VzNp1vrzSNho1zG6BurmzuFLASLFCmOO5WpSZVP1n3AmsIeeU6srcUpbqjuUtRkk1yk+tJWmLDHEqRWc3IcpRUZUST6mm0UorUoAoiiiaASlpKWOBQAKkGL9LD1uu3QbZSBClsqIWeIJnqCR7x7VHUtAOcPzEjpNIFEd6CqUgcce1CQP5jAoDpbuOoeQtlakuAylSTBB9RViS3a5LJNq1LcjGhSdi3mLUKcKuyltgp47lXU9YUar7Fwu2dS5auLadRylxCilQ/MVzK1EyVEn1o1ZKZZc/p65xNuLuzSzd4patiMhbL81tR/pJIBbV/sqCVfUVWVTJkye9SOEzeQw10XcfdLa3p2OIICm3U9dq0H5VpnqCCK9traWmoswlm1VZ4hbwhKXnVJtwv0CjJQDx+IkT3FR+n9Q58iv0AxU9qjSmZ0vdJYzdiu3KwS24CFNuD1SocHt0NQFE01aIaoXqaCI96AYrruSUQYB9kj++pByookgyOKOtAJRRRQBRS0u2gEiijp1pwI70A3minQCeKQ8cUBOsoT+5riifm+MAAgdNv3orjbuD92X2+JFyk9OeQe8+3pRVIJ7+pq90iOT+IQJM10uikEBIAgQY55rkKc7uUsEyZE81bqZo5KVuJj9ab0py9oUQgkj1IimVJA5PJpCABShR69qT1oBKKUdeacUHdAgmgGDg81dcRrBOndJPY/ANeTlb2Rd38nzEtzAbR/T6k957RVbvMTc2eNtb26SGk3UlpCgQtaRxvAj8M8T7H0qONVcVNb8iU2j0XF5cXCUJfecdSgbUBairaPQT0rz9aKKvy5ECUUtBqAJS/WkpeaAXtSUTRQAK6OJKUp+lcxXV1YWlAAA2iJ55qaBxpUgqMASaIrq2styEHkiDxSgNICR6n2ppJUqTyTTiJPIpNscilARaVIWUqBChwQe1ArqZWordJUo8ye9KltB27iRzzx0FKBwpyVEHgxXZ1DaFQiVgpElSYg945rkEe3epQLvprXtxb4lWB1Gycxp5z5fh3VfxLf0UyvqgjsOn3qA1NiLfH3DbuMu03uNuE72HgNqgO6HE/yrHEjpyCCQQahwI/KulvcuMrJTsIKVIO9CVCFAg8EdeTB6g8iDVFjUXcSW29mcKSpZrGu5a524LH3j6g3vcabQXSiPxH5RO3vz0mJMSYwpIJBEEdjUrcihlOQkqMCkNEmgHuISgD5kk+g7VzpaKASvVZXarVZUlDawUlJS4gKHIImD3E15qB9KADyaCCI4oomgCeaXdzzSUlATgtmBphV02twuG5S2pKkgAQkngz70Vxaec/d5xncfK+ICwmBG6CJnr0iiqx2s26I8KFFKgQASDPImu9ilDmQaFw8hlpSgFOLkAD3gEx9Aa4CJE8CkfSQvmegqxkuQ1YSVKKSIngGuirdbTwbfSpCoCiCOYIBn7GmhCPK37wVzGz/nTkq+VaytO4mIMzz3oQcSOSBMUnanBRSTwORBkU0+tAAEkCtB8McHj37m71BqBaWsNioWtK/wDt3CCUtievTp/jVX0np681Lm7bHWDS1KdUAtYHytp7qUegAHrUxrvLMI8nTuGdKsNjFKCVSP8ASHj+N0x1k9OsDoayyXJ93F8/oi8aW7InWWff1HqC7yD42IcVDTQ6NNj8KBHAAHpUIOTSq4PNdbO2curllhhO911YQhI7qJgD71rFKKroirbb3LNb6KuntDu6nRc23wjS9imSVeZO4J9I7jvXXN6DvsNd4Ji7urMqy23yihSiG5KR8/H+0Ok1pGRwV7pfwPy2NziQ1cC4HlhJCgZWkiCCY6HrHSvXlNOXmrcVojKYPyn2LNLfn/xIKD/Dnr1gpUCAZmOK8GPak9WpyWjVJX0pK1v6nf7LFqkt6X5M+tPC7IP6we07+0LAXLVsLnzZXsIMcD5Znn0qK0Tox3VOpbjDN3TVs6yha1OLSVJO1QTH61tmIeYf8ebz4dQcLWM8tzaJhQKZHuah9BaRyWkfFDzcsGEN5Bm5LBbXJMLQYI4jgj9fSsl2pm7uWppS0KS2673t8Cz4WGpVyumZppTw9vtRZK/YafZtrSwWUXF07O1JBI4HUnipHU3he5jsE7l8Ll7LN2NvPnqtVCW4iTwVAgSCeZgzEc1atMXeOy2J1fpO4yDWOv7q9ddZdfVtSv5hx16/LBHWDwDyK7YvGs+GOk9RDM5Syub3J2/ksW1ssq3EpUArkBX8xJMR71pk4/iFkaT3tVGv1J1bv5+hVYMdL42/Awjb04rRdF+H9lkdOuah1Llf2VhkrLbatu5bpHBj8+Ohnms9MGtg0lf6f1X4dMaVzeXZwt3ZXBdYdcSNqhJMkkhJ/EoQSP5SJ5Fel2lky48aeO0rVtK2l1aW5zcPGLk9Xht6kBj9A2Gd1urF6dywusQhlNw5eqTyhJAlJHHzSY7VaW/DzQmaXc4nTuoLlWdYSSPNVubUR142CR67VEjnrFeHSOUwPh5ry4szk28tiLm2Sy7etpBCFGDMJUqQOhgk8zyRBmMFZ6C0XmHs+xqgZABpZtbVCQpaCoEQSOp6jkJHM8V5XFZuJUnolL9K0Uv1Prq2/g6sePHyaXPfy9CC0dobBr01l77UrGUN5jrw2zrNotIIjaIAIMmVe1efU2kcBpPXmHauRc3mDvkBamFrh5G6UgEjb3g9vTtNS2jfEOxxmD1Jev3SWcvc3xvGLYoWfMkiU7gCORIkkVX/ABNymAymesc9hsm9cre2G4tHkrC2FCDwVDbB6QFEAgxwRGuH2yXFSWS1F36XS5eG90/gRLuVjWmr/J7/ABkxGmtPu2+Nw+JctsiSl4vB1akKbIIiFKPMj0/wqav/AA8xTfh2tn4cDUzNoMgtxKlbimSSnbO2NoI6dQKrmu9V6f1Dr7FZRs3hxjLbYuApkBxRSomAndB7d6nleMzKNUKfRhbRzF8th9TMXhbjgFRUQRPO3ofbqMnj47uMUcaepLU7fN+G/wBidWDVJyquS/kr/hFeWr923hFaZscpd3LxX8TchJ8pECeCg8CJ6965+LF5YZDVLeH0/jbO3btVeRNtbobU66SAQSAJA4An3r3+H+stJ6ZuczcvWeTLt24tLAbSglDJMhJVvBB55I9BUTkdT6Va1FiclgNNvMptHi++h66US/028qKoIMma6lDJ7bLL3cqS232brrb+HIzco90o2uf0NL1XpbHXOibrAWlmyMti7Jq6Q8hkJKyAdw3ASSQkz7lNRPhEi8c8OrxrFP2dtkFX+1t26SFIMhHBEHtMe5qup8aNQN5pdxtYXjCpRTYKbRCEnoPMCQqR696rbeuby0w+SxuMtmLS3u7wXiFtrX5rCgoKAQoECBtHUTXLj7P4x4XhyVu1K7v1/mjV58KmpL0JPxucsF6xWmxaS2+2ylF1tb8sF0T0B9tvPes76x6dKsestV3eq37a4yNtZN3TTflqet2ylTo7b5JBI9vpVbmvb4THLFghjnzSrxOHLJSm5ItvhpqlWj9V2uU2qctxLb7aYlbZ6gT3BAI+nvUz4saQGJumM/iVm5wGXm4t3kpjy1KlXlqEmCB09QD6Gs6B6VqnhxcK1Po7UOj7pZW4lg3+N3qJ8txvlSR/vT+pMGmZd3JZV6P0/Ah7y0syminKSQeabW5mLSUvb3pKAKftUEbiDtPANMrp5q/J8vcdkgxPE+tAc6KKUdaAKSloPWgJdpIOmXDHPxIg/wDhNFehLTY0Z5sjzTebNveAkGf1/wAzRVIO79TbkkQwEmB3rtdtFKllIATvI/EDXNtJU4gDuY+9ep1TSrZSHEPKuSsFKwsBCRB3DbEkkwZBHQ8GeLGSI4+1PSSOAevFK4gJSDuBJPQHp9aagDnkgipIF5UeTP1pqRJNd7htDSiltaXY/nSDB+/NSulcY1kclN0t1uyt2lXFw60jcW0JHpI6qKR16qqG0lbJSt0WdPw+k9AKBdKs5nW0kBl0/wAG0nkLExKiDwRWeuKKlzUtqbMP5zN3N8+IU4r5U9dqRwkcADgAdhPWohQ56VXHBpW+bJk75ATKQIoSVIUCkwRRAnvRHHetEVJC+y+Uv2GWr+9urlloQ2h51S0oHsCeK4W2Qu7VCk29w80lXUIWUg/WKdYXCWlhu4bLtso/Ojofqk9j/kyK5XbIaeUlJ3IHKVeoPIP2qqikqSLW+YMPvecC04UOH+YK2/rTnr24dKfOdW4U9CtRMV5tvFKEEmO9Woqh3mkkdOKQuKPXmlDK1KCUIUokwABM17rbB5W7UlFrjL55SugbYWon7CmqupJHFR46UBRFWa10Dq27QVW2mM24lJglNk5E/wDDTnPD3WLQJc0rnYHWLB0x/wCWq95HxFMrBWTRuMRVic0JqxtouOaYzqUDncqwdA/9NSFh4Yaxv8cL230/e/DnkKcCW5HqAognp6UeSK5siinbzTZJNaHb+Dus3bFN0caw00rkedeMoMfQr4/OvDd+GeobJxKLwYy2KuAX8nbNgn0G5Ymq9/jbpSRbSylEmjcfSrza+Fmqrx1bdnaWVytEFSWcnarKQehIDk81K4Dwe1C/lksZ3H3VlZLbcIfaW04QoIJRICuhVtn2+4Sz40rchol4GZbj1NAXB4q847wr1XfDcMZ8K1ugrun22tvvBMx9BUhfeEz1g4UXmr9H27oEqbcyJC08TynZNHngnWoaJczNlLKjJPPSk3VbrnRTbK1JRqnTT0Cdzd2uD/xIFeIaXBEjM4Yx2+KA/vFWWRMimV2aCZPNTV3gk2aZdyeOcPB2sXAcMTHbj3jrVntfDq1uwlTOuNIBBE/xbxxpXSfwqbEGolOK3YpmfelWnw3yz+F1riby3Kp89La0piVoUdqk88cg/lVgt/DC3XdLad1zo5KUJCipGQKgZMCCUgHmZEyO/FWLTHhdjcdnrG6ymucAW0OhbYxt7veK0mUweNvSZniOKyy58WlqTLxhK0ZRqK2TZZ3IWyF+Yhm4cbC+PmAURPHH24qKr688RdBYDVDCby9uHLZ1tjYxdIdCpmdpXIJWCfzPIBr5Qy9irHZK5s3HGnVsOFsraVuQogxIPpVeG4mOeO3NDJBxZ4xTtpIkAmOpps04EJII59ZrpMxlKBNKAVGpFmxbZ2qvn/ISoA7UgLWefSQB07kUBGwfSuhbUkDeNvE88TXrVeoZEWTQblISpayFrJ7wYAHPSBI9TXiWtS1FSyVKJ5JPWhI8LQj8KQTHVXb6VzKiTJpKKEFg2t/uQlYI80XxBBRzGwR80/XiKKE7jojr8gvyInuWx/gP0oqmO9/U0m+RENAFxO4kCR0r2oYfeS4w6SgMBag2Z4IieJ4Pv7V47dovvttJ/E4oJH1JqVvLkPs26mUpbfKUsrUIAUAgJH6DkxzMkntLKIhVfhIO0SZHrUvbXdinDOMJxqXL9Q5uFuK+VPJlIBABHA53T7RXgVYu/CJuthDRUUhSoSlREcJJPzRImOk1wWISkpSQPUnrUtWEWHQd5ibLUVvdakslX+Ma3qXbpUJUdvHBIB+kia3TxD1Boqz0uxi8ljr2y/aFul9tiyYbaeaTII3wQBJHTkce01mfhFpfBZG5TktT5DFpsG1bDbP3gaVugkKUmQSnjsZJ46cit+JeeRqPWmSyLKlKtlL8tiegbSNogdgYmPeuTJBZsyW+3+I2i3CF+JbbTHeFzTVjdXd5nCl9KtyFutL2KHHzobG5M9uf0ryZlzwzL9u5inM6wG1nzErtkPIdHqQXEEH6fb1zQmnbDs3K4Hae9b9zvepmWrbkTuVZ06l64/Z17k3Gy3LSnbVtErn8Kkhwwn3BJ9qv+hfEPSWG09b2WX0jaXV81KVXItmXC6mSQolYkK6Dv0n2rICeeKUGKmeKOSOmTYUmnaNfz+v9GZPC37Tej7dvJPkoQ6yyhhKW9wIJ2k/PAiQB/wAj4mtV6BFqkp0B5pZARD+YdKlDmVcJjr/fWWyT9aSaquHglSb+b/klzbNLude6WStQx/h3iEN7gQLi5dcP5kRWkeFviRear1C9apxdhY29tjnS1bW6FFCnApG0q6wBBHbr3MT82VqPgDtXqLKsrdKFKxrq20ASXVCJRHWCndMFJgGFCKy4jDFY2192WxyepHuyvjvq7yXrZhjHY97d/rWWFBxHtC1Ee3Iqv/8ATDrqVqOedKlJKd3lNyAfT5eKo9+4XbpxZSE7lEwJ459yT+przito4MSVaUVc2+pMZLUuayjvm5LLX905/U9cLWf1Nd39X6jummmn85lHW2v9WlV24Qj6c8VAGrh4aadd1BmVhKG/hrVPmuuumEN9QlSpSoEAkKIUIISQSJq0tEVclsiFqbpHNjGatyt61aNN5a7ulM/EJbClrUGz/N14FV65u7pRUi4eeUQYKVqJj71s+m7+3b1NmrnCB27scNjbh+6vkgp/aDxEBZTJSACo7R2CSeO2IOHcT9apilrbVbKvqTJVvYFxSuJ49KQqNN6Utb2UHBZHTitL8B/hV6wuf2k4w3bnHvILjw3bCvagECZJlUCOefzrMhWs/wBnJp13VmX+H3B0Yl8IIEjcVIiR3BPESPrWHE0sUmXx/qRmGSb+Gv7hgLS4G3FICkkEKgxIgkfqa8pUa63QUH3N/wCOfm+tca2RVi7uKN1IRSUsgdNG40hooBdxpd1NpKmwdS8oiNx9OvamFU9abRSwFFFFQByVFJBBgjuKComm0UAvWl6UJJHSlUOZkSfSgEpO9FB9aAn0uf8AyT5e9PF/u2zz/q+tFc07f3Sny07vjI3wJjZ0oqMa5+ppLoO0eWxqzCl//U/Gs7+J+XeJrxZAKZvrhA4CHlR6jk/4V30455WoMYsNqcUm6aUEAwVQocT2n1rtnUhWXyS2gtsectTaUqCgBuJ5UIn2IHPXio/uK9CHKyr5T0HSaTcVRzEUoUUqKkkelPCklRK+R3AIBqxU596aeea6qIgcEe/euJHNAOSOeOtOeStLig6CFgwZ9aZMQQeRSuKUtalKMqUZJ96AYKIpaKABIoSSFSOo5FJSjigFWorWVEcnrVz8Lcph8bm1/t5K22XW1Ibu2532yo/EAPXpPUfSapcndIMGrf4c2lne3GabvQQpGKunWVBzYQ4lHEHvxuEdwapkpwd8i0OZU7gQ4Y6Sa5inK5PNIBNaMqHpVg0vqm4wFtkrRLKLixyLQauGFrWjcAZBCkEEEc+xkyDVfIigCaq4p7Mk0jQ+eUdO6ttQi2tGBiVBASgSpRdQPxGTJSoj8hWbnrXVp51lDiW3FoS6nasJUQFCQYPqJAP5Vy61Ecai211Jbug70UsURV6KiCtc/s95NjDZDUeSuFISi1x3mHcSOPMTPI59OBz0iskirRo3UjmnbfLqtlPh+4YbbR5YSUyl5C/mBB4hJgweY4rHiMbyYnHxL45aZWQWYKDlLstOh5sur2uCfnE8Hnnn3rxTXsyK1v3tw6vaFOLUsgRHJntA+3FeRQgwa1rYqxKDQO9BoQFFAo60AlLRR1oApKKKAKKKKAKKKKAKUGKSigHdaKbTp4oCeDTg0Sl6T5JvyiNw/EGwen59aKdujQradwM5BXy+n8NPPT/n2oquN8/UvLoRNpvFy0WSQ6FgpI6gzxU7q5LQz2VXauFbS7hwhayASNx7CJ5Pp+Q6CBt3PKuGnP6FBX2NWPUTSEtLJeSt5bi1KAHzSTzuIkcwDwT17VWTpohcirLgKO0f86VM9hM8DikV8w4pomYFaFRVGDx96QKjrSkzwDxSRweaASinfy9efSmUAvSlieaQ80Hr6UAnelFHekoB7aUqcSFq2pJgmJitk8JsBgUavs2LHVFpkLm9tbm3ctxZvtFO5lX4VKTBjmZjpWMzHQ1evBG8Fj4paeeJRBuC1C17B86Sjr6/N+fSsc8XLHKn0ZeD95WOd0tpW3aWu51q2VtqCVMsY14r6kGN20cRPNRtpY6TVmlN3OYyyMWQYfTYI8wmExKPNIgnd3MQPUgRGoyP3gyUGR8S7HM/znuKjt1XjFuO8mQ3uaHe4bw53trtNVZgNFMqaVigpc+m7ekSfofrVcw9vpx64vBl8jk7VhB/0YsWaHVOCTwoFxISYjoSOtV7dRNTGFKtT/z4EXfQuuUttDM4p0Y3IZ+5yMAtl20aaaPTggKUQRz6jivJjP3NFs0MonPqf2S4bZTKU7/QbgTFQeFxGRzt+myxFm/eXSgSGmUFSo7mB2rvqDT2S0+421mLc2twuf4K1DzEwYlSZlPtIE9RIg1Glfp1bk+dHsLumDmWYt8yMTt/ip85ovhXqk7NsdOCPzqa8zw3BQRa6tUZO5Jft0gDtzs5qh0TUuF9WQnXQvYc8OxbueXb6pRcEgIKnrdaUjuSNgn6cfUVedLOeHV6xdv2Ombx5vF2BfvF3T0l8BSRIb3HmSDwpIiRPIBw5pe1W4ieK0XwzQ2nR2v7pTrSHEYxDaUkHeQp1Mx7cCfqKwz46hdv5mmOW/IueN8TdMYG6cQ/pa5s8nbMG0Q/aoDLgTzG6VbgeekngDrxWFXrofuXXQFfOrcSpUkk9STXr1Ddovsvc3LSGm0OKBCWk7U9AOnb1PvUbWmPDHHuupSU3IU+1BoNJWpUO1FFJQC0CkpQT2NAHWg0UDmgAAnpRTpKFHaY7SKZQBRRRQBRRRQBSikpR3oCbH/0gnhP/XT9fwD2/wCfrxRSpUr9zkokbDfEke/liiq4+vqXm6oiR7de1XLJWj9yH3LkqDxAW6p9yF7ikqJM8kzx61Tav+pr34mzZWprahxKVK2rUpY+UAAmYMfTqeeeKpl5ohcigOrClkpSE8njsK5d5FPcASsj3pEoKyIitSp3sLkWy3VFKVb21NwptK+vpuBg+hHI7V51QVEiuqEK+ZHliYkyORHWuShBmhIA/KQSeabTo4E8UnPahAo6c0lHalgFMjrQCUUoHHSkoA70qVFJlJIIPBFIDXS3ALyNyQobh8p6H2oBijJkmTSVOa3xKcDqvJ4trd5dq+ptBV1KZ4P2ioKoTUlaDVB1pY45o7UVIL74OZhWN1Fe2jaErdydk7Ys7kz/ABVD+GPzUAn868GuBe2OMwGLurq4daRaC7Sy6skNKcJkAHpwkGPcnvUx4D6WstV64Tb5P57S1ZN0tmSPNggBJI6CVT+Vevxwwjf7dfz+HWh/DXLxY3N7Slh5IMtcdPlAUJA4JHUGuRzguI09a/0a0+7sy2loIikrrMhQa07QaHB4Ua7W0hoEptkKcO3dt8ySkSZ5EnienasxSOauGi0ZDLY/I6etb63trV8JultuoT/GW2oBKAoiQfmJ6gfes80dUPivoWg6ZAagZsrfK3DWKuDcWaY8t0/zCB7Dv7VG1M6vxzWJ1PlMfbhwNW1wtpIcIKgAoiCRwT9Kh6unaTIfMQ0o9qSgVJAUlOpKASlFFJQC0lFL26UAlLSUtAJRRRQBRS0lAFLSUooCwnyv3GZhoB4365cnqny08dfX2/OiuZQ4dIsr6s/GrA/3tiJ7+kdqKrj6+pafT0IiSCIq55xaDi7BbKlAqtmtwjncEgGOnpP+NUwcEEVOXTn/AMIZ+eSkTBVMcn/P+Yqs1bRCdEG8oF1R7TIMRNMQTvmaVQ3KjsKYeBWhFilQKlHsaWQD8vSm04jgcRQkaZ6Uoog9RSj9aAXj8qc4EfKUTJHzSI59q5k05KgEEEAk9z1FAdG3FtBWwjasQZHauRAJG0/pXVLwDC21ISdxBHWQfalYdQys72GnQRELKuPcQRQHBQKTBpUGul3cOXVwp55ZccMSo9TAiutpdNM2lw05aMPrdACXXN25mCOUwoCTyPmBHtPNSQXrxyt0nVNhkmwIymNt7wkCJUUQTHr8vqazqCa1K58QtPvYnAsZHSbGYubDHos1u3dw43tKSfwhKoIiOSJ7dqhM1rDBZC0UzbaJwtkf5HG3XypPryFifzrnwucYqMo/Y0nTdplI2mnJbUqdokDrVp0vqmwwYPxGmcNlHCeHL1LiiPTgLCf0q1I8aL+1Z24nTum8aueVWlmpskQeDCgFDnoqR7VeU5p1GP1KpLqymaI1BdaR1Fb5RhlLpQFIcZckJdQoQpJjnoevYgHtVhzupsInSuQwmnU5T4e+uG7nybxQCLYp3cJKFfP+ICVDt0mIbe+Keo8vi3bDKJxuR8wFKHLiwbW4yD2b4hPtxx9qldAs67wVhcO2Fm3Y45CV3S1ZFhLKXQmAdrhAX6dFATxPrnNf3zST9eZZPojNVY29Nl8YLS4+E3bfO8s7J9N3SvJtNaNc+MWrzk13NrkhasqQGzatt72AO8Ic3dfrXi/6TMom4L7ON0+y8pZU4pGKYlyRHMpMflFaXk6pfMrUfEo+wgA8VofhRaY+5ayQvbdp+8S/Y/ChcSkm5QFQT7GCO4P29+G8V2mf2ijLaawlxb3CCplti1S0GnuIMGRsPMpEcmfr6vD/AFY+/d5u8bxemrVq1thkHmTa+Wl7y3EEJTCxtUe0SNwHHJNZZZ5HBqq+JaCSaKNqq3u8trbN/B2rrzy7t9fltIKyAFmeAOwqtKBSSD1rTXvFzKMvPu4uwxVpcrW4pF43aJFykLWVQpcciDEQAR1ms/zd+cplbm9LDDCn1lZbt0FDaSeu0SYFa4tdVJUkVlXQ8fYczTTRSVoVFooooBKKWkoApwMese1NpYoBSR2FNp22OtJQCUUUUAoro6hKdpQvcCATxEH0rmK6bFKACTPBVE9PX+6gOVLQRBiigLCtK/3HtlEDZ8e6Affy0cUUp3fuMwQg7f2g4CuO/logD9fvRVcfJ+pbI+XoQR6VJvL2WXlwOUg9fz5H+fzqMPSpLJ/O0ytIgeWgGOgITH34/vpLmiCMAHJ/vpFCOlO2SkwoT6TTT78q+tWIOzNpcOW7r6GVrYZjzFgSET0k9piuShBj0p6FrHCVRFMIgmRz0oSKlUBQ7EU1PJ4ogzSTHSgD1mgQVc9KSaACelCDrctpbUlKVbgUhUxESJiuVKolRlRJ7daQ0AGlTSCaUA1KBa8xj2hoDAZJCEh1y4ubZxaQBO3YoA+p+c/lVTNaXbW6LrwBulkbnLHPBQ+blKVspB4+oFZqoelZ4nepeDZaS5MHEFtRSY/Ig0ylJJ60RWhUtGgtRvaYybt7jrRu4ySmizbFxsL8tSj+JII/F6Ee4jmrxjcDrTJ6X1C/e4zKPZLIFltL98otEMglbh3OEDaYQPSKyNha2nEuNqKFpIKVJMEH1FXXWTGQt9IaaevviXvj0u3nxTjinEukq27QomJSEcjqCee1YZYbpqrf7bl4spb7ZadW2vbuQopO0giR6EcGuVLyaDW5QI54q3aMUG8Bq5Sm94/ZyUyUBQTNw1zz0PTmqj3rTPC6+tcVozW9/eY5GQR8OxbFtSkjb5ilDdKgehg8Anp061jndQ+K+6L41uZovkk03++ujn4yI4pXWw2UwQdyQria2ZQ40UpoqAJRSxRFAJRSwaINAJS0RSqJMUAg605ZBAgAU2DSUA9rZvHmTs7x1ppjtSUooApRuHNJXRLii35ZV/DmY9D60AMIDjsKIHB6mO1MUIJpVcE7TTSZ60BY3Uj9wrJQPP7QeBE//wAbfNFPcbUfD22dK29oyTiAmPmP8NBJ6dOneiq4uT9WWyPl6FePSpa7aLlmhzYYbaQCs+/AT1j+U/rUSroamLzzTbMKcT8nlISn7D/P2oyEQpMGeDTgBtJnvxQ4IEKPSklMCJB7yasCe0PZNZDV2FtrprzbR28aQ4hXRaSoSJ7SJo1fi2rXVmYtcaytFmzeOsspBUuAlRASCRJ7deeRNaF4NeTeaeyNiHm2cgxkrG7tnClJKT5gbKoVwYCjx3Jr3N3eq8RqfJ27uusVgkM3ju5tTyYJKpnyUhXMEH5jI6Twa5JZmsrS6dPka6fdsxi7sru0cS3dWz7CyJCXGykn8jXrsdPZnIveTYYq/unTztZt1rP2Ard73UqjkWU5vxax9xYJAUkW+JQ4r7BCkpPuaZndRYS7vPiGvGXPWwUD/DFm6vnpMNhCR/w+9PaJPavo/wCCHAxq/wBCaqsX2mbrTuVQ47/qwLVat3sIHX2r24nwz1hkw/8AC4G73MHa4h6GVJMA/hWQehH3rUL7UunHrEC78WtT3C0JCSi1tXGfMAjttAn3Kif+dcyWofDrGLautOnWDuRUCh95N+m3UtBEK3KKVEk+gAFTHNkarTv6P96I0JELY+EGsLpTafgLdkrMAO3rKTPpt3zP5VEaq0Dn9M5O0x+Uski5ujDHlPJcCzIHY8ckdYqYaz3h4y6h790su+dwJaczA2wO0paBrhfal0W7cuu2+iX20Kja0cy4pKT6j5N3P1+lXUsurdben5IqJ57nwx1RZ2909eWNuwLYFTqHr1hK0iJnaVyZHSOvavVZ+Gry8cxe3+pdNY1t0D+Fc3pDqDAO1SAkkESJHaea8TuoNMKZcQ3pJI3oA3qyTpWhQPVJ6R7EE+9WXT/ifgsTZ+SrQGIu1JO5Lz7nmOE/7SloUT+nQUlLNXurf4fyFps56bxs+GmucZcOs77V20u2nmzvQsBZQpQIHKYV1FeZvw90+82ss+IOB8xDYUUuJcbBVzwCoc9ugnrwOJtGP8YMU/YZlp/TGAx6lWpNulu3JD6wtJDbm0AERJ54494qOd8ZbW8s2mMpobTdwlHZDIQB9AQY+9YLv7bUevl4Iu9O25SMfpzD3iPKXqexsr1K1JWm6ac8kpBgFLiEqmRzyB9a9mO0rptVxcpyet8fbstAFC7ezuHi4Z5ABQn7z/jVgf8AFmxQE/AaB0k0kpKVB20DhjtyIrw2Hixd2DKkWul9JN70htwjHcuJ9FfNyPWt28zvaviinulYfwVkbG6urPLMOhm5Uz5biS0taIlLgBngwRHUHrxTMZgnchi3boZHFspZMeTc3aG3D05CTyRzVmsvFO7srh9dvpvSqUPOl0o/ZoAT0gJO7cAOvXvXrufGG+uFqU5pbSCtydqknGbp+pKp/WKtqy3y+qI93xK4/o4M39pau5/BpNyyp1Lvnr8pMDgKVsgE8gduOteW30jk3mi+bdxuz7XTrTiGZkD8ZTHf7A/na8h4xZm7tG7dnC6ZtEtgBKmsYhZCe6QHCoAH6VPp/tF6pFslteNwq1pSEhflOjtHQOR9oFUcuISXu/Ut7nUxq8tV2l26wtTa1NqKCptYWkx3CgSCPcVpPh24mw8LNf3N3auLYfat7dpewlPmFR79JTuBPcSPWuWQ8X8zkcm3kLvD6bduUCN7mOS4VcRypRKv1qwY/wAaMg5p7Kh7H4BFwjyvJtPhVBp1BJC5TvjiU8fnHWq5lllBR09V18/QmGlO7Mdcs7r4f4g2z3kTt8zYds+k9Jpts0hbyRclxtr+ZSUbiPykf31qjXjhmgwli5xOLet0/hZ33ASB1jaXSI9ogfkKZceMTzkON6ZxaHVgpdcU6+S6NpA3ELG6J43T7RWmvMnvD6kVHxMvebtxbt+Wp0vyQsKSAmO0GfrP09+JfSmjs7qpx5GCxz135MeYtJCUInpKjAHT1q3Y/wATMam0umcrojAXSnlFRWy0GiSfqFR/4YFLj9Z6Ft31Lc0CQFq52Zd4hKfTaQJ+/wBqiWTKk6jv8H+5CUfE9bfgLq9Ql041gjqHLg8fZJFeW88GM5ZtqVcZfTrZSJ2uX+wn/iSBU3g9a+GeGvXL6009l3HlpgW9yGn2Wv8Ad3qJB9zNSuQ8Y9H3brDjujPPLEraU4lobVfSOnSuZ5eKvZben5NNOOt2ZerQGUF0zbou8K844Y/g5W3c2/XasxXd7wz1G26psM2jkc7kXbZSfzmtKR/aAYt1H4PSiWBBkovAmfs1xXZX9owfi/dpwHpt/aPUfXyqs8vF9IfUjTj8TJrjw81G04y2jHruFu9BbHzimOshMkVH4vAqf1NZYu7JQ29dIt1vJMJAKgCQTxx71s6P7RKS235unl7gv59t6IKeegKPp9qldG+JWd1Vic7cuLQ0iyurbYgNBz+A45sUgk8FW2eYHfjtUS4jiIRcpwpepKhBukyqeJng9Z6e0k3lMK9d3L9t/wBbCoUlSf6wBymDE8kQe0c4eeDX0D41+KN0w/lNLYy1abbKfKuLhzdvUCJhKeNvB5kE89omvn88kmteDeWWK8vNlculS90bTkgqMASTSUV1GQlOTE80lObAU4Aek0Ai4n5elNrtcsqZfcbUFbmyQqREVxoCyuvOfuHZsEq8v9oOrAgxPloH0oproWNEWJg+Wb53txOxFFZ43V+rJyvdehBnoamClDuHYJ5cSFcd1CT/AJ+9Qx6GpxaCnDWSgtohW/gq9FHg/f8AWpn0JRCuxzt/uimASCe4rs6rooJA9oMVyPKZHP51ZEGl+B7zaslnrJ94MJfxbi0OFSkqQ42pK0qTtO7ckgqG3niqhri3bttW5RljJDKth9RTehYX5wPO4kEgnnn3q9/2cMczeaxuLp3d5llblbcdCVEIII7iFH/8cVR9c4pvB6xy2OaUFNW9ytLZkH5Z4BjuBXPCS9olHyRo1/8ANMkcJ4d6my+PF3Z41xLSgFILykteYkjhSdxEj6VPI8F9RORN5ikrKQSlTy5BI6cIIP5E1tOAv3HdHWFzYMtPqTjkOt2yFRuUEfhkTyTx061XMx4h4/EjHp1Lj8pZXT7aL3y2EhW3kgJO5aSDIMgiOojuPm/+Y7Rz5JQwRWza8X9z0HwmGCTmzOnPBPU6VgNvY11JHVL6k8+nzJFZ/qDCZDA5R2wylsu3uW4JSSCCCOCCOCD6ivqTT2t8ZqHzHcC6q4LSFLet3oaWkdj3JPXpI9VJ75x49fBZjDYDP2rbqHXkeXLiQkqbUNyehIkEqBg9T9K6ezu1eNnxKwcXBK/g0+e+5lm4bGsbnjZkmJwOUyqN2Px91cp3hsqaaKgFGYHH0NWK68MdW22PeunsM8GmkFxULQpQSOp2gz7xHSt80Vg30+H2Dt8dkrrGvKsyd7SQv5nIUSUngwSY78mCJp1vc6g/fpds/f2DlnattpeY+HdQtwKB+cfKoIEkD5lHlI5AVFZ5P6gySnOOFRqN3d20n5bblo8EqWpvc+adIaYvtU5X9nY1TCbnYpwB5ewEDr9fX71cMp4M6kxuLu7xbuPuDbNl1bFu6pTsDrCdo7SevavFq+3e0H4nuvY1KUtsXCbq3TvkeWTO0wZA6gg8xW/aDusDkUvZjAXJeXcNoQ62sgm3ABKWtsAgJ5A6giOTAjo7U7Uz8NCHFYd8cknyv4N3tt5GeDh4TbhLmj5D2n0NaBh/CXVGVxbV81bMtNOo3tpfeCFqHpHY/WKumV8Il3fiG840sW2n3ibkLbTu2GQS1HYyePb6EC6a6zWf0rp7I5J65xga8wW9m02haHEykhLk7iCR12ERx1EU4jtt5Xjx8C4uUujvr09fEY+EUU5ZeSMk0x4TXOWVmra5vkMZDGlCfJaCXUuKUkq2lW4bT26HmoPWWgb7TOBscpdqUlF08toMLSAtsAApJgkfMJ47RWueBGYt8xY5IPNWzeXbKfNeSo77oKJO9wbvmIJMkDofemeNiRl9GPl9CWLnGuN3CWfObU6pKzsUpTYJKEztjmZ6isY9p8XDtD2adabV7eK6eTe/Wi/s+N4dceZ8+Yuwucnfs2Vi0p65fUENtggFSj0HNa1b+CF8nTzt/kL1tq8RbuPG0SfwkJKhKuRPBBT/AObtWY6WvbrHaix15YMl67YfQtpoAkrUDwmOvPSvrHRupl6vwL9ynGP410hxCWXSFbuAN6SQJAKoPHBI9a37e43jOD0SwVp6vr/r4FODxY8tqfM+VdF4hnN6rx2MuHC2xcPBC1J6x1Me/H/5rfD4QaZbTeLXarNshtKmVm6WhzhJKi4SNoEx24FYZodSrTX2GKyEKRfNhXmGAPnAMmvql2zymSeyFldrtmMY8hTAWgzcAKTEjmAQZPQ8R+fN/UHF58GaCx5NMWrfz+5pwWOEovUrdmeZbwp0PZsB69usnYrbtzcOtofS4QhMblfgPAJHI+1eXUPhXpGzsHHrW7uUFyxcft1OXaQVuJRuG1st/MIgn5p56VXnfExjH4i905fYIXzafMtlu/Gkbh0JSdpUASkH8RqHzXixl8tp0Yi5xeILAZDKXSypTifl27k7lEBUTzHerYeD7U1RfeOr8Vy6Nc38GyJ5OHV7FIwNq3e53H2z4Upp64baUlKgkkFQBgngHnrX0mvww0VZKaxz1s2p+73hgPLcLy1JBMJUFAcSJEfl3r5x0u6lrU+KecQVpRdtKUlJgkBYMAmvsgZTHOaibxSnEKyaGvNCNhkNkxwqI5joPSq/1LxOfBkxrC2lTbry/gcDjhNPUj4lumy0842f5SR0iuAqRzqC3mb9CuqX1g/8RqOHBr6iL1RTOCSp0S+lse3lNRY6yfcbbafuEIWpwwmCeZMj+8V9CY7wrwSXlHJ4zHFjkBNuq6Sse5Up4ifyrH/BvGoymv8AHJfQFssbrhQJ/pHH6xX0tkyt/FZVuzcCLhFu6ElaSmFbDBMj8PeeR9a+V7f4/PhzwwYZVa38rdHo8HhhKGuaKVivCrA2mUauXbBpTDY4t13CnZV/tSkAiD0j/Gsd8W14s6tuWMZhxi3LdRafbQobFqHRSUgAJBEdOD145rdNB5m4yuirB7HsLVcNMIaUq7uAEurT8qhuG9Ucd0jiOe4ybx5xFxa5+wyV0hlDt/b/AMXyCdnmIgHaVAHpt61HZHEZvbnj4mdtWlv4eKv7k8VCHdXjRldaf4GXztpl8oVtpXjWrYXl5z8yUsqCwUjuZ4j3ntWXnrU5prJ5LGqyKsXJD9m4xcCJlpUBX6xz2r6jPDvMbiedB6ZJnl1BlH83mr3JXapeunlOqBMxJ4HPYdB9KjKU0lXSpUird7i0lFFCApUmDIpKWgPbevqu0IdcQhLm0IUpEyuP5j2nt26dOprxgDmTHFSWNdW/brsCUFCyVo8x0pSlY7xMSQNv2qOcSUrIIII9aAsLywrRFkiRKL12BHMFCP8ACikcW0NDWqEz5xvnFKI7DYkAf3/eiqYkqfqycvNehBHoanVuI/d+1RvKiHHCRtjaIHHWD3qCV0NS7S5wSeANrikmZgyAfoDUy6BEY8THqgcTHFNcI8tISqSeop5VvShCoABPNcVGUgcQOh9alA2P+zk06+/qdFq4lq6VYQy4oA7FSYP3iqh4vX1nktd313j9hZcQ0VKQrcFL8tO4/WevvNSvhNishe4PWd1jXH2nWcWUJLf85KgSj3JSlUd+4qs61wi8Q/jngl34e/sLe7aUtIAVubG4COOFBQ+kVzY4xXEyle/4Rq2+7SN58Icmxd6JxDaUOl63adaW8ppQQmFTtK+nQpMGqv4x6aymps1hX8M2b5p5hTSFtQW0QoqEr6AEKHMwYNe3wRYuLvRrIeFq5YNXbu5lYWFKG1JnhW1XJ6KT0/Sx6hvUW+fsLO8Su0xbp+GZT5LrDKXNspBcQoIUlQkAAiOAU9a+UTfDdpTnh3ktW3Px+vU9T/swRUutHLw80U1oPF3N5fv+beLQFvqCflZSOYSev1PHT2FZH4u6w/efMNN2ywqytJDfcFRiSD34A5ED0EcnbNbabtc/oe6sG4tV2jZdaAhIZKRISsJ4AI/vntXzGzirkZ+3xV407a3C30MqQ62UqTuIAkHnvNd3YahxOTJxmaV5E/Sl5fAw4u8ajijyPqp7N4rC4yxss28bdn4Nsl3asoAASk7tg+XlQ9jNV/wn1m7qS+zlld3an/IuVvWpUokrYUogJ5iQkx15hUewms/i8Wu9Uh9m3fffslW74uHFgeSgbiojokCJ3RMxwRVI0Ro2z0nfJzDGsMS6882thphopWh0qgJAVulQCimYTPHSvIw4OFy8JkbvXLl6302dWdE5TjkilyPF40OXGqMc9cWVg2m1wzq0G4Wv+K7ylK0pREgJMEyehkVRvCnWx0fmHjdNrex12kNvoQQFJg/Ksesc8cSDX0BeXWSbxtrjcpj2rl7KbzcBhtamghShublCDKiFH5jAkEk8QfljUWLusLmrnH3rDts8yvlt2NyQeRJHB4I5HFe72R3fFcLLg8kVo6b3a8fHnv8AE4+JUsc1kT3PslN2wppC0OJdC2/ObCDuU4jj8I79R9xXzh45aiu8rqJmzurN2x+Fbn4dxxDnKoIUFJ7FOziTzNa7oHVuMXpDTlotbpyDlslpFqy0pxSyglHUDamdpPzEfXvWP/2hHUOeIKgkoJbtWkKKXErM89QPwn2PPfoRXk9gcL7P2hKE4VSdN+TrY6OMnqw2mev+ztei21dftwpSnLFZQkdVKSQqB79a0TWmQxOa0Fe5ixsVIyl/ZlrY46GbgtoVuUYk7wkgK6E7fQdMZ8G8o1iPELFv3JCWXFlhSiYCSsFIM+gJFfTV1py2W+q5WHrq6Qlz4c3Tx8toKSUltO1MpQQY4BMAQQYrftqWPhuPjmnatJ7davb05WV4S54XFeZ8g4O9cxuasb5pIU5bPoeSlXQlKgYPtxX2Bjc3jslnnrNT1kM1aLWEoTv3toMGJUkegkAnpPSsNxng5kzl3mck4lQQrhFslWxQ6glxQCUjp6q5/DW5h/8AYeFXc3WRD7dkwtd0tseYpSgepI9IUOnPExBp/UXE8NxSgsT1S6V58vnyHB4547ctj5kt20I8WkotNzCBltqNw5T/ABYHB7819N/tWzTkBiTcKevigAoCJWtKkqO6AI52K5HQx6ifk7EXK8lrazuLlYLtxfoWtSzwSpwEzH1NfUbObwR1LaMs3ZRf36FoaUm1O26Sk9nCnlKdpgpMH1McX/qLh2+6Uk3UXy8VXPbkOCkvefmVtvRuibdzEWT+H+Mtr5LhRknnVtncOQlZTtgkGBMdI61MN+GOiLqxWWdPBsqCglXmvBUgxI3LPBPSZHsawzO4zXVvk8pbsW2fTZu3DoKbdl5tlwKUZISPlgz096gF5nVGCt3MW9eZewYKVNqtFrcbTB/ENh6d+1bPsriMqTxcU7583/Jm+IhF1KB48Y2WNVWjbTXmqbukJS0vjeQoQk/Xoa+yfIdeQVJZabuXEQpB+cBUfhUeNwBNfFeIdWjL2TjUB1LyFJngSFCK+zhaJ/aHxbzlypR2fwS6VNNKTMlIjqZ5Nc39WKpYW30fx5GnZ/KVHxjnnnLjMXzzzLbDrjy1KabSUpQSoyAD0AqPHWtZzvhBq28yV5eos7dCH33HEoVcIBAKiRzO39ajnfB7U9viry/uxZMC1aU8plT+5akpBJ2lIKZgHqRX0ePtLhNMV3kfmcMsGRt+6z0f2f7Z1/V14W9yUfAuoU4kTt3QBHvWsa8yV9j9DalbVbuqRbMot0Xbqg2p7eEhSuBBIKuwAPImeuWeCf7XtLrKX2LaU8w2ltt9pFqX1qClcbU7k8gAzyevQ9t0v1Yi8xnkZa38q0vNz5t75sokjkgg8BQidsz3HSvmu2paO0FklHVFVsue2/2+B6HCpvBp5MxLwUzuVR8XgsWy2pboW/56lwpgbdqlJH8xBKTHses1M6r0Nn39KXKMhfv3wtk/HB+9fACFjd5jaSST8wgiY5HqeLci+0BgXWXcbcYW2dCjtdtVoWsfLJkzMEAjkwCRVnybtiv4X4ltp1N8nyFBxZ3KaUkkgJAJPHtx3IHIpxHac48Ss2HFpUvFbtr8FseBPHolK6PjUg1dPDpKhb6ndNkm7ZRiHQ4mQFNgqSA4mQfwq2kxBifoXeJGiLnSOTIHmO4xw/wLgoiQf5Vdgofr1q0+DKLO20Zr7I3jHmqTY/CoE8q8wLG0Rzydvavq5cRDLgWbE7Tr7nmLHKM9MjHz1pKVXB5pK6zEKKKUVAEpaSigHIVtII6054lSyoxJM8CBTBXVp1ISQ4nckg9DBBjgz9qAm3edEWhnpfOjr/sIopzqgdFWKQACL14nnr8iO1FUxypP1ZOV7r0IdgbnEiJkxFe67CmEPshCEpbfWkpA/D7See3vUaTHNSoQDjXHVK3OKWkk8cyDz9wamRKIzgEykx1pr6y4dygN5PJHeugTDalEjntPNcCY4mpQfI2r+zzmEYnFaweccaHk2qLhLTqggOFIXA3duSmoPIlea8DLK5KGULw2Uct+CBLawFfKP95QkD0mpf8As/22Iy683i8jbPNqex60O3KLjalTZUONpBG4dQrp8pkdagncfa3XhxqN3CvXrNtY5Rtw2j75XLKklKVKSAE7t380DiRJriais8vG4/wapvQviaP4QKtMb4atvKuGHHVqduFtpdSFJIMBJEzMJ6H1qP8AGXUtjeaBtGba7sXri4fQvyG7hLrjQAJChBkdhJA/FXz+TBpJNccew8ftXtcpW7v8Gz41vH3aRtGkdf47MYqwxOtQ489b3KC3dvPL2rSo7T5hBmUgnrIIABHWbvq600hqPK47MP5fEpdtHCHIvmkechP4W1J3A8K6K9B0MiPmDoaXk1rl7Hxyy97hm4c9ly35+hWPFyUdMlZvXinnsdl8fvxOoMK3ctIO5QQr4gpgQ2haUnuVA8pkR2JrDUOLZuG3GlKStBCkqHBBBkGvOEk9AaVKCpQCeSe1dvB8JDhMXdRdpehjlyvLLUzc2vE/FZXTrKNVXeSXkHUqRcox7YbCklwSk8gGUpB/8Sh0is31/mrHP5dm7xzdwkJZDSy8hKDCSQgAJMQEbRPUxz6mGOBy3wybj9m3vkHgL8he0/nEV4Ay4VEBCyR1AHIrPhuAwcPNzx+for9C2TPOa0yPoLwY1jgLXQ6sVlsoLC4adWD5jxbKkr5CkEdI5+h571RfGnUmJzVxiLXC3b1+3YtrSu8eUpa3CpQO0qUJUBHH1P1ObvMuMOFDqFIV3ChBr2MYfIPWfxbNldOWu9LXmpaUUhZEhJIESQDA7wawxdlYcPEy4tSdver2tlpcTOWNY6PA2opVIMEd63PRPjWlq1atdVW7zjjYCE3tuAVFP+0kxz7g8wOCeTltpojVF4FG107mHgOSW7J1Q/8ATVtwvgjq/Ihldzb2+OZcn57t2FJjsUJlQP1Fa8fg4Tiseniaa9d16FMU8mN3A1V/xj0eytQFxfPgfzItuFfSSP1rPPFHxZt9SYRWJwlpcsWri0qdffUkKWBPyhImBMcz26VxPgHq741TCXcWpodLjz1BB9o27v8AyxXHNeBGsccgqt27DIACVC2uIUn8nAmfymvM4TsnszhskckHbW6tm+Tic81pexnOFufhcxZXCo2svIc5EjhQPNfXWSzOCtNSY2wyIbayakqXZuPMFCPmEqKHDxzAHXrA6186q8INdIknAO/L1h9o/wD3VB5jS2qLJSf2thsu1tEJU9buQEgxwSOn04rq7R7Pw9pSi3krSnyfiUw55YE1XM+nMtrPAYi3WDnLJ9/zA2nY8lzy1kcFSUq4TI5KRx1jvXK41ppa3xzbuob7C/Hgea4m2Um5KVxsC0FO6THSeQDyOtfKN3j7yycSi7tX2FqTuCXGykx6we1X3VOh8irRumczjcNfK82xUb5TduohJS4QlaoHEoKeT1ivO/8AzvDY9N5HbfPZf6Rt7bN3sU7KmyTqe5OKdUmwFwosugGQjdwqIHbmOPyr61bylu5i7ddtqDBu3e1O555aVtuHuQlLqSCevU+kenyx+4uqjixkhp7KGxIkOi2WRH9XSY9+lRydP5hTIdGLvvJUdqXPh17VH0BjrXp9o9m4uPUE51o+N+pjh4iWK6XM+qXWcBd3VzcW+Ww9uHUwXce4y0+2r+cl1KvmBJnaoEdPSu7WVwuPYvE3uo8deNO/xCi5vm1KgJ5AG6DPJgAD++vka9xt9YveVfWlxbOD+R5soP2Ncru1ftHPLumXGXICtjiSkwRIMH25rz3/AE3Ga0yzNr0Rr7dJbqJvmhNa6Yxd9qe5cvWLOxu70vW7At1pcAj0SCIJJgD0MxxVb8bNYaf1LYY9vDOrfuGnFLW5sUgBMRBBAkz0PMc+tZABPTrSRXpYuxsGPiVxSb1Lz8qMpcXOUNFbCg819NaL8QNMo0ZhbfJ5lm3umGEtPNOoWSlSOAeEkdACK+ZKDXRx/AY+PxrHkbVeFfuZ4c0sLtG8eL2p9L6g0p8PjM2h2+tnUuNsoZcAd/lIkoA4BJHI79ZrPcPlLzHeHWXYtnENNZC9aZWsE7yEpKiOD05E8H/Gk1ZbTBOv6SeyzSH1lF63bQhMoG5KjJ9OQAPzqvDcFi4LCsMW6u9y080sstT50V67Qtt9xDplxKiFH1M81xqW1NZXOOzt9aX4bF0y8tDgbEJ3A8wPSomu1bpM53sFFFFAFFLR1oBKKKKAsKv/AKItpSY+PdhUCP8AVon39KKaspOjbYT84vneOemxv8vX70VGPk/UZOaIZXQ1I2yQnG3O9ICipAggyODzUcrpV1y95ZZPGodtW1tBuzsmXXHRxuQ2UKIABMEp7f8AOqzdUWiUwjbyR+ldsXcNWuTtn7lgXDDbqVrZJgOJBkpmD1HHSubplMQUgcp61zJlKQRB9asgz6h8O9aaZzNxkG9O4kYi8Sybl5Dds00lTaSnqpHWCTEgetexOnMFkMFqXF4bJG4evmfOuVG4bfUt0yoOkjkfNA5IEDgckn5TZuHbZSyw643vSUK2KI3JPUGOoPpU9ozVt7pPIm9x7Vs46RBD6Nwj6ghQ9wDB7zXn5OAduWOTXl6G0c+yTRdm3PCpnG2gu7XOu3rKR5wZIHnK7lUqgf8Ahj869zetvDDGtJTj9EP3imv9Wbxafn6zukr9fQxWQ5O7Xf5G5u3EoSu4cU6pLadqQVGSAOwry8zXV7Omveb+Znr8EamrxNwzVwXbXw70wFdviGvNEdvl4T9eOfald8YXAw81Z6L0ZaFaCgLaxvzIkdeVQY68gj2rK+aJq3s+PqvqyNbNKw/jFqjHBloPWZs0qlTDVkwyFp/mT8iB1Hse1XrCeNGkbJZumtGIxt2DwqzaYKlepLgQg89Oh4+1fPdEmqz4XFPmq9BHJKPI1PJeOGs3b952xvmLRhSjsaFq05tTPAKlIJP1rgPHDX4SoJziRuM/9TYn/wBFZnNE1ZcPhSrSvkRrl4l8zHivrHMs+Xkcqh0SCCLRhJBEwQQgEde1XnReTuLzwo1Jl7zP5FrOWBCLV5GRcaW0gbSEBKVCUqUpY6denIkYVNaBpu2Re+FWrjBW5Z3Fm8B/QCVoKhz36H2j2qmbHBRVKt19y0G73I0eIur0qbV+82XWUGf4l2tYP1BJmkb8Q9VsuLXb5y7ZK3fPWGiEBa4AlQAhXAHB4qprMmpjSdvi7rMssZ159ixc3IU6zEoUUkJUZ42hUT7TWrx41/avkVUn0ZLXviPrG8WhTmpcq3sSEgMXKmRA9kQCfevMNd6tSveNT5zfEbv2g7P/AKqr1w2ppxaFiFJUQfyqzPYmzT4a22YKVC/XlXLWQeC2llCuRPWVdh357UcccUlpQtsd/wBIusFNlDmpsysHqVXrhP3ma81prbU9nJtNRZhjiIavXUgcz2VVbNFSscFySIbb5luR4jaxDS0DU2Y+cgqc+KX5nHQb53R7TFaFmNfa4x+gMHm7TWSLpq8cXbrZ+CZDzC24/EspJUSDMmOoPM1iCOverxqTHMJ8NdN5HFqulW6nn2b4LX/DRdCCISTwS3HI4IA6Ec55McLiq6+CLJvc6u+L2u3W1IXqO5CVGSUttpM/UJmuZ8WNcKAnUd71BmU9hA7ff171RTSpq3c4/wDyvkV1Mv6/F3XTjodOpLxKgNuxAQlJ99oTtnnrE/auWW8VdX5ayRa5HKIfbbcS6hSrRjelSTwQoI3e3XkSOhNUUntSVKxY1/ahqZoFl4t6us3VOW93YoUsQspxlsncJmJDYIH0rhkPEfI5Iq/aWLwF1KNoK8a0FJMyFBYAVwexJSehBBM0akqO6x3eknUzQnvEp1do0y1pbSDK0CC6jENlSvczInv0px8TrhRBc0zpNZSja3uxaT5fuOfXmOlZ3SzUdxjfNE95I1C28RsDeNXDOotBYJ5Dm2F41As1pj3AUe3Yp7zNahp7xz003jUNO4bK2DFqA2lFuEvtoR/KCoqTE88RXy+CfWpO6QbWxYLalAXAlYn+kmBwenQ89xWWXg8WTaX3ZaOWS5Hs1xeY3Iapyd5hDc/AXD6nmxcpCVjdyQYUrgEkDkmImoCl5V0pDxXSlSSM27EoopakgSntxuG7pTKKA73gaFy4LdS1sgwhS0BCiO0gEgH8z9a4UUo60BYHUhOibMkEKVevQZ6gIb7fWivRd3Xn6DxjMBPkXj444mUoMkevv+VFZQ634s0lWxXFdDU1iy6MRkRyWQlsq2q6AkxPPqZioY9DUspxpu1uG7VTim1tMle5W2VR8wjv8xMVeRSJFrUokEEynoa5uGY6zHenL68RTCeKlEsZRzSj3p5/hOHaUq7TEg8e9SVOYNJSmkoAooooAopQYFJQBRRRQBV/8Lcl5VnqrELaS+nJ4xaUNFpa9zrZCkfgBI43EHpO2eKoQHE8VM6Tu7uzzDa7DLLxLqwW/ikrUjaCDwSnmCYH5z2quSOqLRMXTIdYIPNPtXVMupWgkKSoKBHYjkGkfJLhKjuJMz612xtw3a3zD71ui5bbcStTLkhLgBkpMcwenFaMgu/i5lk6ku8LqH4ZDD2RsgbjYAAp5C1IWR3/AJR15qPumVf9Fdi+bxIb/a7yBa+XyT5LZK98/QRHfrzVjyPiNpe+sWLdXh9ZD4UK+EBv3S20VEFUpAG4EiYkdT6zXDUWosZfaOxrn7BxNq049cpFpZKWgochqHTJJ6SB249K44OSUYuNb+Xn5mjptuzMj1pUkA9/yoXEmBAmm11mYo61o2DxDd34L6hyV0bsfB3zJtwHAGVLVtSolMSSEnrPfjvOdJrfLWwU3/ZUuFtMqJeuPPWUyZCbgJkx7Afb3rn4melRS6tGmNW2YGrvSU5YiaZXQzMU9aKDSVAFpKUckUqgAeDIoBtFFKKABUvqBC2vgELLJ/0VtQ8tMcGT83qeaiBXuyhQssutoS2haAdqQQBHB6+4PTj+6lbknjSAe4H1pz3liA2oqECSRHPeuVFCAooooAooooApaSigLC6sjRdigp4N88oKj/YbBE/57fkVzXJ0pZ8D5bt7vzBS32n/AJfn1orKK5lpypoiD0qx52xt7BLKLe8Vc/EWNs+qU7dilISSk/QmB0kR9TXFdDUgbly4bJuFqWpDIbSYEBKYCf8ACryTETwLjnj865E813dKd5hRgj0rm4UkJ2pgxzzUoSGrUVGTE+wimkzRSwNsyJ9KkqJFPSgqHAmkKTtB49OtXbQ+pjpzA5R3GXQs86HWlsOKZQ6Ft/MFpG5KgD8wM8dDzVZNpWiUrKVsVMbTXW2tLi6c2W7Djq/6UJKj+laEnxo1qlxCjkLQqR0KrBiRx/uVKnx/1h/2bWJbPfZbq5+6qo5Zlyivn+CUo+Jkz1s8wsofZW2sdUrSUn9aYUERxWm5Hxw1tetrR8basJWIhu0bMfQqBNRg8XNbiAnOrAHSLdnj/wAlTF5a3ivn+CGkVKzw2SvWvNtMfdvNzG5tlShP1AriiyfW5tDStwmQRER6zVruPE3XDx3q1NlEAgj+G+Wx9kwK8h8RNZhe796s3u9fjnP8asnPql/nwJpEe9gM28k3Iw9/5SoO9NosJ56RAipTRNpmcVrDFOMtCwvPPSGnb5lQbSSY+aR0M9e3qImvG5rnVbjxdXqXNFwiCr452Y/4qQa31UFBQ1JmtwMg/HO9f+Koam1Ww2JPM6K1RdZu/wDJ03llK85aiG7RxSeSeQdo4PanWHhdrW+sjdW2nL/yZI+dIbUSOoCVEKP25qs3Gaydy+49cZG8decMrWt5SlKPqSTzXNeVyC3PMVfXSnIA3F1RMDpzPsKisiVKhsX7TnhDns1YC6XeYjGoWkLZF5dpBdSRJI27iIH9UfoamrXwbU2hDeoNa6fsmj8zbbL/AJ6jIElKCUyeEjiZ4rHCtR6qNOQr5uSeKiUMr/vr4BOK6G15nwXwuDcnMa9x9oxtCjvtZeIImQ0HCSI71EXfhzpJlLTyPESwdtHEqWVN2SlOpA6y3v3Rx9eekc1omMYt7nxMwmUcxCWsfmNPTatEJWhKg2CobOeg46D8U96+aXyUrVHHJFc+CWTJs5fY0mkt0jQcn4fYq2U0/Za305cY9aQfNW6pDwM8gspClcTW2YpjEY7wAucWM7jbthTTtsi7QsoZW64oqSCVfMI3ek8TFfJ25RkyasozDg8PjiRfq2nIef8ACfP02Rv/AKeoAjrxNXzcPLIopy5PwRWE9NnszWj27KytHmNR4HIPXDxYLFrckqagfiUVJSNvv78TXK+0ra4y/t7XJ6hxKAtRQ8q28x8252yCuEwRMCUk9ehqqb1/1Gk3HuTXTUurKWi85PSemkOW4xmu8ZcIcBKzc2VywWzEgQELn7/41xt9KYMPBF5rbDIQoSlxi3unR7yC0kiqZuPrRuJqNDqtX2Fl2/c/BJui2vXWD8ozscSxdkz7jyePvXJOj8Y4hRa1rp0qSYhSbpE+/LNU7efU0bj61GiX/r7C0XC60Xb26N6dWaZfTG6G33SSJ56tDn26/WrRh/DnTuYZurbF6mN/lW7R65Q0zbQhakAfKCVTBmATHrxEKyYKPrWt/wBmy+t7fXly3cqT59zYPNWqVfzu8EJHuQCP0rLPrhjck+ReFN1RkhEU5SyQAeQPanvoUh1aVpKVAkEERB9K410szCiiioAUU4pIAPY02gCilBgzQeaAUkRwINIOaSlFATr28aTsfnO0Xb0JPYlLcx+lFdLotK0ZjihJDwu3wtRV+L5W44+lFZQ3v1ZpJLYg1dDUv8MG7G3Wpe4PW61xtBiFxHPT8PX/AN6iFdDUvbqLlrbo2JSAhxBMAbh+KSfXn7CryKxIlyJJPWuPrXZ0JEjn71xNSiGAopKKkgWam9L2tzfP3ltZ29tcOLtHVkPpnalA3lSD2UAkx+Y7xUIBNXXwcaS/4hYxlRQEupfbIWPlVLKxBjmD6/oapklpg5LoTFW0imLkKps1K6nwt7p/O3mMyjXlXVsvasTIPoQe4Igg+hqKPBq9pq0GgmpzRTCLnVOJaWu0Ruukc3hAZ4IMLkER25BHPIioKvTj7t6xvLe5tnC28w4l1tSeqVJMgj8xRptNBF/TmUOa3ymPyTbCcHfuuNO2toEFpHUNraCQlO5JghQCZ5nhRBzp0QrgQKuTuYXmMtmNQ3NjbMjySnbaLNullxSNqCgDryJKeZk9OopqlHnpz7VSColsZRRRVyoUUUUAU5PWm05PWpQPqDw2sTqvDeHd24hs2uOau7a5Sv50uAAIDakx3SZg8QCPr85apsXMZqHJ2Lrflqt7lxoo9IURX0B/ZdyZcwGQxzTh8+1vU3RaSsJLra0bSOfQpB/TvWO+MCLlvxL1Gm+QEPG8WqE9Np5SfzSQa8/hrjnnDp+b/c3nvBMplTGmMM/nso3ZNLS03CluvuA7GUASpaj2A/wqIrqxcOshQacWjekpVtMSD1B9q73b2RgXi2a0xfWWax1ri3i/bWy37TIoccU64pBk70SEBspnokEdSewoZHJgVd9EtYl3Tuc/amSZx7ynLdtDsFTobJV5m1AMrH4QU+4PQGuGpNM45vBHN6aybuSxzbwtrgXFv5LrKzJQSkKUNqgkwZ6giKzjJRbTLVasptFLSVoVCiiigFFX7wOukWPifhLl7d5TSnFqgA8BpfJnsOtUEdavnggf/wBTsGAElRcWBMQSW1wDPY//AIrPN/1S9C0P1IqWZuhfZe9u0pCQ+8t0ACAAVEx+tR9e7JMu21/cM3DXlONuKQpH9JB5FeGtFyVEPmFFFFCDog7klJgdx9aYetJRQBRRRQBRRSjrQEw4I0zafh5uneI5/Cj/AD96K7P7laQsVAGE3bySYHPyt0VnHqaSIZXQ177ZxardoKiEb0pEAcEEyT3Mk8mvAroak7R5ptFsGwoqG4uEgHnnpx0gJ/OauyiIxY/L8q5K616Hm1IKgoFJHYiDXnV1oiZCUUoEmKXbCyk8RUlRKl9JZJeH1Nisg2taDbXLbpKFbTtChIn3Ej6GoinIo1aolOtzXf7S7Ib18ypKEJ32LR3CZUJUATPUwI/KsgPWtv8AH+4tcjpbQ+SCSq7ubMqLoPBTtQYjrwSf1rEDXPwbvCl4Wvky+X9bEqxaW0xcagZu3mbi0tmbUoDj1075aAVkhAn1JB68DuQOartXbw51TjMA1lrPPY1zI43INoC2W3dhC21haD06TIPsfvtNyUbjzKxq9znqjHHTuJtMPdseRl1lT92C2pKkpPDaCqSFDjdI45HpUFa4PI3eGvcqxZuuY+yUlL74/C2VGAD+ZH3FTWT1erMX9w5mrRu7tHXFKaa3FK7ZJMhLbnUAT0IKe8V5c9qNF5ibLE4y2VZYu23L8tbiXHHVqMlS1hKd3oBHFVjrSSfPqHRWzSUppK0KhRRRQBSgxS7flnj70lAbH/ZgzCLHXrti6VD4+2UhEGBvT8/P5BX+TVZ8c0Op8Uc+p1xL298FLiUgJKdiSBxxwCBXLwTu/gvE7BO+a20FPFsqc6fMkpj688e8V28bnw94h5Ups3rRAWEhDrRbKiBBVBA4Jkj2PHFcijXFN+K/c1u8fxKESPSkSJNFKj8XNdhkSDuKyDOLt8i5aPpsH1KQ1cFB8tSh1AV0n2q54/F3lp4N5jJLW4zb316wwEqQNrqUFR4MEyFe46RzPHe51Fpq807h7O9vM8tmxt07sWw023brfEyorCp5/qKCrmqjqbUdzmrgAJTbWDQCbezaJ8tlIAAA9+OT1JrFueSlVUy+yIy+snLRTQcCP4jaXU7HEr+U9JgmD7Hkd68tKFdeKWR6VqUGUtOkRED60DaUQR808GgGjrVw8Jjt8RtPw+LdRu0BLhRvAJ4AKZEgng8jg9R1qn9DXtxReGRtjbOrZfDqS262FbkKngjbzI68c1E46oteJMXTslde3N7d6wy6sm+X7tF040tZUo/hVtAG4kwAAACTAAHaq5Xqv3XXrx924dU8+txSnHFEkrUTJUSeeTXlolUUg3bsKKKKkgKKKKAKKKKAKKKKAnXONI2cKJKrt2RAgQlvn17/AOe5SvK/+ULFEz/pjxM9jsborKPX1ZeTIdXQ167ENlSZUvcAuRHH4eIryK6GpFi0UjHs3LqIZdcWhKkq5MASCPTkfc1o2VR47h9xaAhxxTiUjaAVEwPavNBPNdHfxGAYnvTVK+bckBPsO1SlQYylQspJIjn2pFGelelq2DrSVIWkKKtsKMAcep4H3oQeanI6iulyGgoBncQAJJEc965JMGpQNtymJvdaeEmh7XB25vciw48ytKVgeWhKoJUSQEj8HXtFV9HgjrNVn5xs7VDv/cKu295Hrwdo+9Q1h4oaysbVu3tc2+lhpIQlJQhW0cR1B9BXUeLOtUmRnXQYI/1LfE/+GuJY+Ihag1Vt9eps5QfOx194Ta2tELUvT9y4ED5vIWh77BCiT+VV7EaWzmXuXrfGYm9uXmCQ6lDKiWyOIVxwfrUw74o62cXuOpsmk+jbxQPsIrhYeIurcewtmz1BkG21rU4oeaTKlKKlKk9ySTPrW0e+rer+JT3bLLf+ButbctfD2dreBaNx8m7bTsP9J3lPP0ke9UzNaRzuGvWLTIYu5befnyQhPmJdg87FJkKjvBMVMJ8VNbJaU3+8l+UnupQJ/IkSKjX9dapecbcc1DlS43JQoXSxtnrEHie9RjWdP36+oejoS2N8J9a5G28+3wNwhMxtuFoYUf8AwrIP6V0yfhFrfH24ec0/cvIPUWq0XCgf91tRP6VDp13q0q3fvLmSr1+Nc/8A7VetXZDPv+Cmlshe5e5uUXF7cpUVKIXEwErVMr/CoyfUDsKrKWaMlbVN+f8AJKUWmU9nwz1m6z5o0zlUNTBLtupEf8Uce9ey/wDCjVlgP9KsbVpW3f5a8hbhYT67d8n6iqSu4eUnapxah6Ek1zLij1MxW1ZPFfL8lNi4I8ONRuIU4hiw2CICsnapJn0Bc5p58NdSJtPiXbazYa3FP8fIW7R4EzCljj6elUsLNLvM1NT8fp+RsaZp7wxyzd7jru6yWEs21uBcuZVpC2wDM8EmewiYP66V40aSe1pqa2uFas0vY2Fswlplq9yCUOyeVKPy9z7mvmoKJrrdMP2zgRcsrZWUhQStJSYIkGD6gg1k8E5TU9XK+hZTVVRpLfhFvUpKtc6IQR0/+K//AORXub8C8lc7TYap0pdA/wDd3ylT9IQayHcadv4EHmpePL0n9CLXga4/4AavS0F2ruKvQQY8i5PJH+8kVXMx4S64xakJuNOXqyqebYJfAj18smPziahtDIurrULVpZW67m5uW3WW20OBCiooUAQVcSOvv0q/+L1k/pLT2jMam8WnK27D6nlMuFJ+ZYg8fnz7Vm55YZFjbTvy/Jak03RVsd4Ua4v0FTOmsigDvcIDH/rIr33/AIL64tLVp79iOvFyP4bDiHFp+qQZ79pjvVFGXyAG1N7chMRAdUBH3oYyt4xPl3DgBngmRJBEwe8E89R2rVrN0a+X5K+6WfJeF+sMba/E3mCukNRIKVIWT9EpJJ/KjC+F2s8wN1np2+CJ27n0hgT9VxVUcv7lwL3vOKC1b1AqJ3K9T789a6Iy+QRw3e3KBEQl1Q4+9WrJXNX6fkbGlWngLrR5wpuLeztAO7twFT/wBVe7BeC2s8fm7e6DWMSm2dSsKffJQsgztISN0H8uPSsmcy2QdEO3tyseinVH/nVxsvF3WtnZC2azJUAjy0uusNuOpT6eYpJV+tYzjxFe7JfIsnDqir6oxd1hc9e47IJSm7tnVNubTIJnqD3B6g+lRFe3L5O7y+Qfvsi8X7t9RW44oAFSj34rxV0LkrM35BRRRUgKKKKAKKKUc9KAAJr1m0dtk2710y42y6N6FKSQFiYkeokEVzYS2AHHYUgKAUgKhR+nFclrJ47CgLBkltuaYsnGrdplIu3wnYVSRtb6gk9Pz68ngUVyuEn90MeSUQbt/iPmHyt9/Sis4LZ+rLyIdX4TVyftCnw0xbz1uU+Zk3/LdIA3J8tsEevVPbiQqqar8Jq74y43+FGTYW2NrWVYWHFdtzawQnjqdomT0j0qMvJPzEN79CnX6kKc+QggcSEhP93X++uDrRQlBP8AMJHM0OxPFMKiQASYHStVtsVfMSK9zd2EY1y2j8awo9O3vE/UAwePQV4ZpKECk80lFLQD1OlTKGyEwkkghIB59T3rnRRQBRRRQBRRRQDkmtCZVfv+CNwkpZVjmM2iDtJcQtTJnnoE8fes8BrQ9GLy134aa1tLd63/AGUwLe4eacSSveXAAUEcDhPM+grLNyT8GvuWgZ6qm05VNrZlQpRSUoqATelcKnM3dwh26Fpb21uq6edLanDsSRO1I6q54kgepHWpTxOcQ5qBvy3nnCm0tkqS42EeWrykylIHbp9z9ai7LLCywV1Z27IFxdEJdfJ5DY52ARxJHJnkcRXmztxdXN8pd+t1d0EoStTs7vlQEjr7AVTS9d9P9FtkqIylFJSzVypZvDV82+u8ItKVKUblKE7FBKgVcApJBEgkESIkc8Vof9p//wCpcRuX8wsQkoUkBQO9Rk7fl59qyLDOeVlbNzylvbHkK8pCilS4I+UEcgnpI5rQP7QCr5zXXnXrLrLDloybVKyVQ3tBInuQoqn3rmnG+IjLyZon7jRmVFFFdRmFFFFQBSAIgzSUU6gG0UUUAUUUUAUUUUAU9pZbcCgASPUSKZRQD3F71qVAAJ6DoPamUUooCzX6Up0JhiFgqVd3Mpkns39qK81ypX7o40bpR8U/8voYborPHyfq/uWm90Q6uhr32l3diwdsW3lpsnnUuLb3QlS0hW08+xP3rwK6GvVa3ZTYXVspe1C1JcgNJUSRIHzdUiFHpM8SO4uyInkeAnj865U9auoplSGFFFFCAooooAooooAooooAooooArRfCOwz2TttUWeBfQhleOWq6aWz5geABCUDjhckxz68Gs6rRPAq5tLXXtqu8fcZWQE25QvbudUpKQmO4IUofnNZ5rWNtFoc0Z84kpMEEEdQaZUxqvHu4rUeSsLifOt7lxtU+oUah60TtWiGqYqRNTDdmcWLe5u0suLWkLRbLJlSSJBMdB36g9PydpnO/sG4fuEY+xvH1tlDSrpBWGVf1pTME/UGoq5uHLl5bryitxZ3KUoySajdsg62KS9ftANKeKnB/DQOVyegHvUvr7KM5nV2UyFrbuW7D75KWnRCkRxBHY8dK46NxbmY1BbWTKLZxawtWy5cLbaglJUQVCCOB1mod5MLVzPPao2cvNf5+xPQ50UtJViDtaOBq5aWoEhKgSAYP3rXP7SGYs8xl8C7aEqV+zUOKWpUqO8lQChAAMc9B16dKx9v8Yr6A8dWcbl/DvCZjF2flmzeatXHA3tO1bCFgKj0+Xr0J46882ZqObG2vE0jvFo+faKUikrqZmFP2K2b/wCWY/OmUtQBKKKKAKKKKAKKKKAKKKKAKKKKAKUCkpyTyKAseRShGjMIUIUFKduNyimEqMoiDPJj29OtFds7sTozTyUE7vMudyewO5HI+oj7fcquLdP1f3LZOfyK0roa9VpZOPWV1cpALbG0K+cJI3EgGD16dvWvKroa9NrkXrfH3lk3t8i62FwESZQSRH3qzIVdTxhRQ5uHUGRSLUVKKj1PNIrkzSUICiiigCpJGGvl4NWYSws45D4tlPDolwjcEn8uaja2/wAL2sM9pB7E3613Vte2Dt/d2xuPKCHmX4TtVBhSkFHHeB6iM8uTu43RaMdToxKKSK1UZXwoNpctuaf1A2+tG1C0vJX5aj3ErA49waZZZTwss0pWMPqS6cIKFpuFtbQCCCRB68yOBBAP1jvX/wCH9P5JcfMy2KUJnvWj5bPeHq8M9Z43S2TTcqjbeOXoDiSB1iFDqSCOh7EV53dX6TbxL1vYaGt27x5gsruH71b21UfjQCPlM88H2qe8dfpf0/kjSvEoiWVKbUuCUp4JA4B/yD9q6WtlcXYd+FZceLSC6sNpKilA6qMdAPWtGsvEzE2WOXZ22jMahl5ba7hPnKh4oMjdx03AGOntya8dh4nGweW9aaR0oh9UjzPglSAQQRG+BIJHAFRryO/d+pNR8TPdpr1Y9xpi7bXcIdW0kyUtObFe0KgwZ9quv/SW4lxDjWlNIsupIO5GMTyO4gkjnp0n0pzfitmbV1S8TYYTGlSpItce2AYJIEKBHfr145qdWTpH6kUvEo98VuXLilul9alElwz85PfnmvMUx9au2T8R8xks7j8zdJs3chZghClWrYSZMiQAJj1PPvXl/fi9N7d3Tthhbh65d85fn41lYSZkhMp4BPX/ANzVk5dV9fwRt4lT20bTVpe1vkHZCrDAgTIAw1rx7D+HXvx3iLcWVu40dPaXfDghZdxaBuH0TA9+KhykuS+pNLxK/pLOvaazbOTt2Gn3G0rQEOztO5JSZgj1qJWdxJiJM1fR4kNFKkuaJ0coEg8Y9ST9wuvLkNctXJSW9JaYtwf+7s1c/df+YqE5Xen6jaqspMURU5dZ1m4JJwmKbB7NpdT/APfXkF/b+YtRxloQoQE7nQE+4+f++avfkQR7f4xX0ndvfvGh7Sd68htN7pW1ukuJBCE3LXzoUr+kFJAKuOOPp8/4S9x9o8s5PG/HsqTG0PqaUg+qSJH3BrW9L+L+nMPkGLtrRqmb1pgWqbhm+UVeUAAElJEE8DmubioSlTiraL42lzMTcTCiPSmRW15LWnho/kb5b2jzc73D5T1uksSggclO/aFTI4AHAquKt/DPJo/hZDUmFuFckXFu3dNJ68DYUqP2Faxyt/qi0Q4+DM36UlaINA4fINk4DXOCuXJgNXocslH0jeNs/n+deK78LtX20q/Yz1wzEh61Ul9sjsdyCRFWWWDdWVopFFXdPhVrYpWr9278bZBBSAePQEyfyryteHWsHJ26ay4g7TutVpg/mKd5D/0hpZUqKsOb0nlcM/j2L21ebub1vzG2FNKS4PmKNpSR1lPT3FccXgri7buXHG3222mXHAsMkpKkQVJJ6CAeT2ketW1KrTFPkQlFFFSQFFFFAFFFFAFKOtJSjrQFiySGhpDDLbUsq824CwpXAMoiB24/z1grzXa0q03YBH8jzoV9YR/n/PBVYbJ+rLyItXQ0xCSqYI4E09XQ10tHQ2l4FsLC0bZM/LyDI9+I/OrFDzGkpT1NJQBRRRQBWpaIx1svF4tu8s1XS8paZFptO5Q/AkKSR06KSr+oT2mQMurU9G3eOZc8P7cY9TV04/cJun/LCC+h1ZaSQvndHzDpxB9ayz/p/wA8C+PmZmtpfll2P4c7Z94riTUhnni7k3wUJRsPlAJRtkJ4BI9TEk9yTUbWqe1lGLSUUUAUUUUAUUUUAUUUUAtJRRQBS0lFAFFFFAFLSUUA6aN1NoqbA4Kj1pyXVJnapQnrBrnRSwS7Oo8yyz5TWXyKGtu3Ym5WEx6RPSvOxlshbiLe/u2hM/I8pPPrwa8FFRpXgTZrWGu7p3UHh1dvXd88pxCkhS3OFKDy07UqUR1ASkz7diKgb3Oak0vn8+1evXlre3qHEOodVJO/orrB+UmFD14qx6Vx37f/AOjjGvqJtpu3DBMwHVKInt+EdOnXrVN8Tco9mNbZS4eb8pSXSyEmCoBHygEgmTA6yZ9a5MdSm4tdP3dGstlZU6SiiusxCiiigCiiigCloHWvS1aFdm9cF1pAbKRsUTuVPoI/voCQuC1+7FiG1KLguHi4CmAOG4gzz9hRSPrCtM2iNioTdOkKPuluR+lFUiWkyMV0NNbVG4SQCIMGJpyuhrkDBq5UDSU4jiZFNoAooooBa0O3X8PhNB39re2lzdMXK0fBJ2JcaIf3J3kkkhRJ6gAD6yc8mpBpNzaiyuU7UgnzGiCCeFHqByOR3jtVZR1UWi6PdrTFHFatyuPLzbpZfUnejoe9Qvkq59qspygyWv2MmWwwp69beWnsFFQKjz2mTFblqpTjWrtNz8UWUZGEoVbIS2JbIhKwNxPqkn+6uLPxnszjBxttN/Jehtjw96nJPqfM4aJp6LZxydiVKI6wCa3LxHZuXNN5V7U9sw1dMX4TinwEpdW3u6GOo2yf17VON5O8tvGt3HocJtslYNKcSEglexklJk88c9Kw/wCUbx64wt03z22p7OvM1XCJSps+dWrC5euPIaYdW/8A92lBKvt1pW8fdOXJt22HVXAkeUlBKp9IradDZPKZjH6pfxLzCtauPp2qcCELWymB8oICZEcmPSevMuw+83r/AEV+3lW41L8O+i9Lak8DYfLCo4nr09SOwqcnac4SlFw3V9d9ld1XLpfj0Ijwqkk7/wAv7mAoxN8u8TaItLg3Svwshs7z9BE0WeLvb1bqLO1ffWykrcS22VFAHUkDoPevoHL3rb+s9C3rVwLixS8638c66kuJUZBaXAER29ZP1MX4evY/Ta9R5a7yNpafEZP4VtTsrGxCypQhMkEgmDESATVf+Un3Wvu96W3ndeHxHsq1Vq/yjE7bE311a3NzbWlw9b2wl91ttSktD1UQIH514ikit2xeIt2LjX2Ex99YJZvmm3bJRuE7ClW5QG6e0waxXKWbuPv37R8tqcZWptSm1BSSQYMEdR7128LxS4iUo1VVXo0n+DLLh7tJnVrA5R3GLyLeOvFWCB81yGVFpPMcriB966q01mk3pszir74sNef5Pw69/l/1xE7ffpWsM3ByPg+U5HIMWibe12sKsr//AFoB4aeZ6bun/t3mrW6slXlvqn9qY9WPGC+CdSXv4qHepSUfpHX26Vxy7RyR1e5ybX8b+ZrHhoyrcw0aazJsFXycXfGxSncbkW6/Lj13REV5cbir/KXJt8ZZ3N5cAFXl27SnFQOpgCa3rSuQdZ07pG8tc3YWeOtG1jIMu3CZWJ4GzueD6Gq54fX2FxV5qPOjI2mPYcuPItAtG9aUle+Q2PmiAE9O/tU/8lk0zei2uXPxqnt8euxL4aNx97ZmVWOHv7/4j4G0fufh0Fx7ymyvy0jqpUDgD1oYw9+/YO3zNo+uyZUEu3CW1FtsnoFKiB1rbMPe4zB+Iepb3G5DHLtbuxVeW/8ApCQgrJCtnUc7p+XgxFeXJ6pwWY8O9RWeJt7fHMISy43brWlK3HVuBS9qZ5AjiB9uBR9o5nJacTcXp38L536D2aFby33+hlF1pXPWbKXbvD5BhpSkoSt22WgFSvwgEjqewpmS03mcWyh3J4y8s21q2JXcMLbCldYBI5P0rbPEjJ2T+Ix7tvfWbzabm2WtTWWKoA6zbiUwP6pmufihmLDI6Xy1tjMhaPvNXjLrzC7sObhAhbA3R3hQH+1+dcXaWabx/wDz2ld+W6/kmXCwSlUuRiQwWUOTOO/Z938eI/0byVeZyJHyxPTmkyODyWNu27bIWNzbPuAFtDrSklfMfLI554471ta8vjnNb59i1zFnbXmQxzDVnfh1JbS4EAFJWOBPH29YFVy2xNza+IWEGq9QWd+LdPxC3HLzeEBBJCCVkcmAQO8/WtYcfNtucapXW9va9vsUlw8dkn1M1vsPkMfeItb+yubW5WAUtPNKQoz04Iru7pvMtOXbbmLvUuWiA7cILKpaQRIUoRwI5k1qniTkMRn7PEZmwzFnd3NneFp0R5LnlqVvT/DVyQn+oCDP1q2aj1Dgr9jVDCbiwTft41TKHRcoIuG1I3AJIMKUlZIjrzx14xl2nmUYS7rd3fPaml+9llw0HJrUfPjOCyT2JdybVm+vHtHa5cJQShHQcntyQKjYr6J0zc6fstHYzTV/m7Fn46zX5zZUFArdHBLg+VG09iesVgF9bm1u3rdSkKLSygqQoKSYMcEcEe4rr4Pi5cRKcZRqnt5rkZZsKxpNOzafDKzCnvD2/S4yVtm+T5Ljmw/KomeJ/qI6dhzyIo2ucPaWLeUum3UrdXmX2GjyFKaTO4x7KIqz+FT7eYZsMO6txlxq1vmmX2VKQUrc2KT8w7gg8dxx3qjaqUGMJp+w3IUtll11ZSQSCtw8GO42/rU40++e/wDrdlZfpKsaSiiuwxCiiigCiilETz0oBKfvJ4JJHpNNpKAsl2GF6JxqmkbHBePocO6dx2tkGO3Bj8vrRXhUpP7uW4n5viXPttboqkVRdsj1dDXJKSowBJrqroada3CrZalICTuSpBCkhQgiO/1q5Q4E0RxQoyZooBKKKKAK0ZKWn/BBL1wyp922y5ZYeBANuFICigjqUqknjoQOnfOq0/Tag54G6mbKQry75pcKTwN2wSD68fb6isszpJ+aLw5szq8vH7u8cubl1Tj6zuU4eqj6n3rtc5a+uQj4m+uXdit6d7qlbVeok8GvbqzAuYG8tWlL8xu5tGbttfqFoBI/I7h+VQUGtU1NWtyu6PS/ev3Kwq5fdeUO7iyr++ufmHdJWZAgGuUGiDUpUuRFnZDykKCkOKSoGQQYpFOqUrcpZUqZknk1yigChNnQuk8lRnrR5hiJ96YUn0pINTbIHlfvSFcxJk0m00bSegoBwWYgq4o3+8im7FelKEKPalgUr9zSFXPWaChQ7Uvlq/pNL6gN3vRuHrSbD6UBBPQUsC7/AHpfNMQDxTdh9KQpPpSwPK/ejzPeue0+lLtPpS2BwcMjk0eYfU0iUKUDAmOaaQR1oDpv96aVe9N2miDTcG7/ANnh29LjduGWvgBcOvecJ3lSW2wUHmNp3IPTqmsn1wR+9OUQh3zGWrp1pqFSEoSswB7AdO1bJ/Z5U4zgbp3Y2llb7qVOnhaDsbjb6j8UgjjrPWcQvvPyORLYLBWiUBXyNBQBJkngSfU8muHBvxGR+htPaESKopykwY4/I02uwxCiiigCiiigCiiigJFaSMLbK7F5wdB2CPz7/wCe5XZwD92rTj/9y7zx/S3RVY7ksjldDXKuquhrkDBqxAGkpT14pKAKKKKA9WORauXrKL95xi1UoBx1tvzFIHqEyJ+kitl0rZ6VtNHass7TU7l1jbhln4h9zHLbVbq3/KQ3uO+SQOCIjv2xGnpcUlJSlRAUIIB61nlx94qui0ZaWbHr+00jk2cE/c6tCVt2LVsk2+OW55qASA4qVApjmUkTx0PSqzaYHQLtqh97W14yVdbdeHX5qee+1ak/+buPpVAJpO1RHC4x06n9P4Jc7d0XXKM6HeRj7XDXmWYfLhF1fX6EloJg8pbQCrkx3/8Aax4TDeE/kTltVZRxxSUni0WztJEkQEOSR0PMT0kc1k1FS8barUyFLe6Nscs/BXy/L/aWUkD/AFjYd3K+u5uP0rzWlx4ONp8hy2zThmBcubh+ZCVD/wBP2rHKKp7PtWp/Mt3nkbZlMl4NOtFtrGZFBI/1lqHEqH/G4R+lQVvmvDCwuipjTWbyDccfG3SU8/RBH99ZhRRcOkqcm/iRrfgX7M5jQFy4XbDTGXtlqM+WjKJS2n2hTSyfvXvsdcaMsrsXDXh3aqWIIDmRcWAR7KSQft/7ZlSzV3hi1Tv5sjU0alk/ErA3VybpjQGDbu0iG1LJLaf95tKUpV9Ymm4XxbdxTy3bfSmmGlKETb2imlfcLPE9qy6io9nxVTW3xJ7yXiXvKa/byl58Xd6S0wbjcFFaGH29xHqEugH8xzUjivFvIY9SiMNgVKMwtuz+HUAf5ZbKZA9wT05rNKKl4cbVNEa5LezQLrxCs7q4+Je0bptdxCgVllwAgz1SFhJPuRPHXvXqHicwcd8E7ozSq7eQSlFopH67t0+81mtFR3GPwJ1yNCx/iDjrO9afGiNNlCDIT5bpMfVS1A/mD+le7NeIemMvfN3F3oDG8Slfl3K2SoduWwkT7kGsvop3ELv92RrZpCNYaFbQAjw5bUruXMw8r9NtcbbVui0MOouPD5la3RtKm8q8kI90ghUdu56VnlFO5j5/N/yNTNA03f6Ic1Tjl3ePvsbjUqWLr4m5+MQ4kpMCEtJUkTxIk8yII5h87b6ZttRqbxmQvbzEh5B80W+1XlnlYTuIlSeAJACuenesUVdQp3bIs0/G2Xhuyv4h3K3l5bvp2Ks32FtvW5JBCw4n5FEQRBgc96sVloPw1zFu6vE6qeSrftbS/dNtqM9BscQhR+o4rEEyQYigKPrWUsEpbqbRdTS5o+u8bo61xukHMJhbi/ZbeBUl8ALclXU7ggCDxzwR2NVPL+CuGuLFZs729tMmQTveWHWyrn8Q2hRk8SDx6Hv86NXDrRltxaCOhSYipay1bqKwb8uxz2Vt2/6WrtxA+wNc64TLB3DIaPLFreJKav8AD/UGmFBV9ZKdtVqIburc+Y2vmB7pJ7BQB9uKqCklJIUIIMEVMXOqM7c/EefmMg4LhRU8FXCyHCe6hPPQdfQVEOuKdUVOKKlHqTXbHUl75g66DKKKe02t1YQ2kqUegHU1YgZRS0lAFFFFATT5jStgCIHxLxB7H5W5/Pgfeio5VyVWLVsQNqFqXPcyE8f+X9aKiKolsYroa412V0NchUkDkhO0ySFdqHEpSohKtw9fWnvNeWEElJ3DcNqgfvHSuNAFFFKOaAEgSJMCnupQkgIXu4E/XuKbtNGxXoaAbXZlDamnS45sUlMoTE7zI49uJP5e9MDaj0ST+VPNs8Ilpznp8p5oKOVJXsax146AW7V9YPAhBNP/AGVfzHwdxP8AuGlommeGivd+yb+CfhH4H+waVOIv1dLR6f8AdpaFMj6K9/7JvSY+GcnpEUhxd2BPkqj6iloUzw0V6/gX94TshRMAFQFc3LZ1AJUgwDB9qbCmcKKWKShAUUUUAUUo5p4ZWWysIUUDqqOKA50UtCTtUCKACkgSQQPpSV7chfqvVoUpm3aKUBBDDYbCvcgcT/gK8VAFFFFAKKDSUUAUUUUAUUUUAUoMUlFAKTSUUUAUUUtAJRS0UB1V0Ncq6noaagpChuEjuJoBlJXV1SCfkQQPczTJFAxBRSyPSiRQCSaUE0cUcRQBNLupJHpRx6UAoUY60T70J2wd0/lTeKCx0n1pJpydgJ3An05pp2z3oSLuPtRuP1psClgepoQEmiTSwnsT9qeoN7RtKt3Mg0sk5SaSnwk9SftSQPU0IG0VJYpjHuuODI3j9snaSgtMB2VdgZUmPrzXlu22W31pYdLrYPyqKdpI9xJj7movoTXU89LNH50cVJAlFLFBAng0AlFLxRQCUUoooBKKWg0AlFFLQDkNLWCUJUoDkwJimV6GLl633eQ643uEK2KIkVw60AlFKRFJQBRRSgUAlLNJRQBRSxRQH//Z','Sudamericana'),(5,'Los juegos del Hambre','Suzanne Collins','The Hunger Games is a series of young adult dystopian novels written by American author Suzanne Collins. The first three novels are part of a trilogy following teenage protagonist Katniss Everdeen, and the fourth book is a prequel set 64 years before the original.','data:image/jpeg;base64,/9j/4AAQSkZJRgABAQAAAQABAAD/4gIoSUNDX1BST0ZJTEUAAQEAAAIYAAAAAAQwAABtbnRyUkdCIFhZWiAAAAAAAAAAAAAAAABhY3NwAAAAAAAAAAAAAAAAAAAAAAAAAAAAAAAAAAAAAQAA9tYAAQAAAADTLQAAAAAAAAAAAAAAAAAAAAAAAAAAAAAAAAAAAAAAAAAAAAAAAAAAAAAAAAAAAAAAAAAAAAlkZXNjAAAA8AAAAHRyWFlaAAABZAAAABRnWFlaAAABeAAAABRiWFlaAAABjAAAABRyVFJDAAABoAAAAChnVFJDAAABoAAAAChiVFJDAAABoAAAACh3dHB0AAAByAAAABRjcHJ0AAAB3AAAADxtbHVjAAAAAAAAAAEAAAAMZW5VUwAAAFgAAAAcAHMAUgBHAEIAAAAAAAAAAAAAAAAAAAAAAAAAAAAAAAAAAAAAAAAAAAAAAAAAAAAAAAAAAAAAAAAAAAAAAAAAAAAAAAAAAAAAAAAAAAAAAAAAAAAAAAAAAFhZWiAAAAAAAABvogAAOPUAAAOQWFlaIAAAAAAAAGKZAAC3hQAAGNpYWVogAAAAAAAAJKAAAA+EAAC2z3BhcmEAAAAAAAQAAAACZmYAAPKnAAANWQAAE9AAAApbAAAAAAAAAABYWVogAAAAAAAA9tYAAQAAAADTLW1sdWMAAAAAAAAAAQAAAAxlblVTAAAAIAAAABwARwBvAG8AZwBsAGUAIABJAG4AYwAuACAAMgAwADEANv/bAEMABgQFBgUEBgYFBgcHBggKEAoKCQkKFA4PDBAXFBgYFxQWFhodJR8aGyMcFhYgLCAjJicpKikZHy0wLSgwJSgpKP/bAEMBBwcHCggKEwoKEygaFhooKCgoKCgoKCgoKCgoKCgoKCgoKCgoKCgoKCgoKCgoKCgoKCgoKCgoKCgoKCgoKCgoKP/AABEIAUwA3AMBIgACEQEDEQH/xAAdAAABBAMBAQAAAAAAAAAAAAAABQYHCAECBAMJ/8QAVRAAAQMDAgMGAwEIDQkFCQAAAQIDBAAFEQYhBxIxCBNBUWFxFIGRIhUyQqGxssHRFhcYIyQzN1JydJKz4TQ2Q2JzgqLS8CUnKFaTNThERUZTVWN1/8QAGgEBAAIDAQAAAAAAAAAAAAAAAAECAwQFBv/EAC0RAAIBBAEDAwMEAgMAAAAAAAABAgMEESExBRJBE1FhFCJxIzNSoQaBFbHB/9oADAMBAAIRAxEAPwCqlZBxWKKAzWfrXvBYMmWywDguLSgE+GSBn8dWLHZWvKk8w1HbuniyvyqCyjnZW3Bo39aemvNDv6P1udNSZjUh8Fod82khP28EbHfbNLHEjhZL0NfrLa5dyjynLkMpcaQQEArCRkHc7nPyplFlTfgjT61nB/6NP3i1w4lcN7xCgTp7E1clgvhTKCkAcxGCD47ZqQbb2bp820QLgvU9rjtTGEPIS4hQICkg43IyRmmUR2Mr+awakzivwse4fwrfIdvUG5JluLQBGB+xgAknc7b1GeKkq4taZiiiihAUUUUAUUUUApWJHNPB8EpKv0UrXxzkt5Gd1kD9NcGnBl94+IR+kV76jJ7hkeBUT+KgPDTrYU+64obJSAPcmunULpRHS0CMrVk+oArGnABHdPjzAH2xXNqJRMhpJ8EZ/GaA5LUwJE1CVDKE/aV6gU6s58KQ9Np/fH1EZPKAPTel0nNAYooooAooooAooooBkVkCgVulIzk5xQGza1NrSpBKVJOQR1B6girYcHtQ3i4cANb3GbdZz8+OHu6fceUpbeGgRyknI38qqcRg+1P7SXE26aa0Pd9Lw4sRyFcwsOuOglaedAScYONgM9KhrJkjrQ3WLpOvGqIMy6S35cpb7QU6+srWQFAAEnc4FXI4vTtARNT2FvW1tlS7m4hIhLaSohA5wN8KGN8eFUhiSFRJrMhABU0tK0g9CQQRn6U+uIPFC662vVpuVyiRGnrdgNpYBAVhQVvk56gVVr2Lxl/Jkj9s8Y1xZP8A+efz1U/+KTNge4Y6GTqKBe5jQYbKBacBaT3IyVZB2xVb+KHEK5cQ7pEn3eLFYdjM9ykRwQCCScnJO+9P609pPVFstcK3sW20lmKyhlBUhZJCUgAnCuu1Q0/BaMkmQ9fIUiLIcUuJMYiqcUGjIQQSnOwyQATjGcUk1I/FLixeOIsSBHu8SEwmG4taDGSoZKgAQck+VRyAD1O1XXGzFUeXk1PWjFblHlnPWteX61JTBrRW/LsSM4oCcnAydqEGlFblOOuaOX3+lBgVtOHD7w8Sgflr31EMsMHwCj+T/CuOwq5LgkH8IEfPqKVL20V29R3JQQr5dD+WgPDThBjup8ebP4q5tRg/EtKxgFGPxms6ecAfcb8VpBHuDn8ldeoGCuMlwb92og7eB3oDl04r99fT4lII+RpdprWx34eWhZ+9OyvQHxp1HzOcHocdfKgMUUUbnzwPy+XpQBRWd/I1jBx0P0NRlE48BRR/1iipZAy8b1OXZV0vZdU6mvEbUFtYnstRA4hDoOEq5wMjBG+Kg0dfnVi+xZ/njfR5wU9f6YpjgyU203gTu1ZpaxaWu9iZ07bWIDTzDi3A0D9shQAJyT03FOrs18N9Kau0DIn6gtDcuW3MW2lwuLSQkJSQNiAdyalvirwjtXEi4Qpd0nzYpiNKaSlgJwQTkk5Bpb4YaDhcPrA/arZKkSWFvF/mfxzAkAEbAbbVVLeC3esZ84KPcbbNAsHE2+Wy0R0xoMd1KWmkkkJBQD1JJO5NJPD2DHuWtrDDmth2LImtNOoJwFJKgCNvSnL2iv5ZNSf7ZP5iaQeFZ/7x9Mjw+6LH54qQl+osll+O3CrRumuGF2ullsjcacz3fI6HFqIytIOxJHQmoY7N2mLTqviCq3X+EmXCMRx3u1KIwoYwcgg+Jqz/AGnP5Gb57tf3qarv2QSf21zkn/IXj+So8lovSz8ix2ptB6b0ZbrErTltRCVJdcS6UrUoqAAx1Jx1qu36qtl22cfczTH+1e/Imqm+IqV5Mc94LucO+DuhrvoKw3CfYmnZcmE246vvVgqUU7nAOBVcuIHD9WjOKzNmkNFy1yJTbkZas4cZWsDBPmMkH29auXwncS3wr004s8qU25ok+QCM0lcXNGx9bWO2z4IQu4W59uXEcG/OnIKkZ8iBkeoHnVXpLHJkjh1O2XGRi8ZuEuitPcM79c7TY2o82MyFtOh1ZKSVAZwTjoTVNAMqr6Ddoj+RvU3kY4/PFfPrw9asYm8pFpOzTw40rq/QcidqG1IlyW5q2g4VrSQkJSQMAjxJqU3ODfDFtwocs0NCk7FKpSwR75Vmm32O9+Gs3O//AGg5+amoB7STzjfGTUAQ4tKedvYEgfxaarjBlbbe34LP/tQ8L0KBRaoIIIP+WK2/46qRqCO0m63GM0AlhLzraADkBIUQBn2Ap9WTs9aqvNpg3CJebYhqWwh9KVuLCgFAEAgA7jNI+uuHN24eogM3qXDkrl85bMdSiQE4znIHnUrKE08YyROgriTN9loOOnWr16e4P6Hn6btsmXZG1uSIrTjhLqxklAJOx26mqU3uKSUyEDpsv9Br6E2JhcrhzCjtkBb1sQ2kk4GS0AMny3qXyUi2lr3GqeCfDbG1ijE4z/lC9/8Aipk8aeHOj9NcPZtwsdtZjzGltJS4HlKIBWARuT4HFMHVPBHVNq09MuUi8Qg3EZU6oNyHCogDpjHWoGlSpoKmZD0g5xlK1kg+WxNVWTK2o8vQ5j1IJyQcGrS8HOHek75w5tFxu1jjSZjyVFx1eQVYWQCcHyAFU7hXdbQCJA7xI2BGxH66vf2eVhzhFYFpzyltZ36/fqqzSeMmGDai2uTCuG3DdJIVZ7UCDuO9xjHUffdaTdb8MdGW/Rl6mwbBDbkMQ3HWlgklKgkkEb48qgHUnD/V8jUl0kMaeuamHJbq21pbOCkrJBG/QjerUa5Ba4W3gLSUlNrWCk7EENbj8VVTynozy7otbyUWHQbnpnrSXIvDbbpQhHeAbcwOx9q4J1ydfTyJ+w3jBA6n3NJ1W8GrLbMjrVjOxYM6wvxxsISPzxVc8DOc0+uF/Ea5cOp8yXaY0V92U0Gld+CQADnIwRQvDnbJ27WOrr/pzUVjbsN2mQGnYqy4llwpCyF7Ej8VPbst3256g4fTJl7nyJ0oTVoDr6yshISnABPQbmqrcUOJNy4jTYUq7xYkd2K2W0mOFAEE5yQSd80s8NuM974f6fXarVCgPMLeU8VyEqJyQB4EbbVHnJkymu3Pg4e0UD+3JqTP/wB9P5iaQuFYxxH0yT0+6LH54rj1zqWRq/VE6+TmmmZMxQWtDWeUEADbJJ8K5NO3Zyx32BdI6EOPQ3kvoSvOCpJyAfTIo9oopLvyfQLjJpmbrHh7cbJalMplSS3yqdUQgYWkkkgHwFRVwH4Mai0Frn7r3d+3uRTGcaIYcUVAnGDggDG1R/8AupdW53tdn/sL/wCaj91Jq3r9y7P/AGF/81MeSy0sZQ8O2yR9zNMYOf3578iaqd4ipG4qcV7vxHi29m7Q4bAhqUpBjhQyVAA5yT5VHION6lFJNaXsfRThrtwgsI3/APZSN/8AcqOey9xBF6tknTFyezPtqlKjFZ3cYzjHuknHsR5VEFj7RGo7RpyJZo9utaosaOI6VLSvmKQMZODjPyqMNK6lnaZ1NFvlrWG5cZ0uAEkhQOcpI8QQSD6VC8GRyjhp+S83aI34Oam/q4/PFfPvzFTPrLtA6i1XpifY59vtrcaY2ELUylYUBkHbJI8KhjnGdumfGp5MbSSwnkuj2Ov5NZuds3Fwf8CabHF/gXqnWPEG7Xq2PW1EWSpBbDzpCtkAbgA43FRPwz40Xrh9YXLVaYUF5lbynyuQlRVkgDGxG2wp3fupNW//AIuzH/cc/wCaq8l8pcPkkjgVwn1VojV7lwv8yLIhqiLYSlmQpZSokEHBAGMAj50gds90xntKPI++Bf2z1H2cimqe1Lq0f/KrN/YX/wA1MHilxTuvEhMAXiHCYMMqLZjhQzzYznJPkKlLAlLLy2v7EpDqJEUrTgoUkjBPTbpV+bLGXL4dQ4rRAW7bUNpycAEtADfw3NfOa3y1RHDuS2vZQAP1HqKsHau0BqSLa4keLEtamGWktNlSFkkJAAzv1wKPkrHGOTuZ7P8ArjuiiRerc4CMbyHdwfMYwabGvuCl50zpx+7XeVbnIzJSnDClleVEAYyAPHoaWpnaO1kwnnatlodR44QvI9xzU0dbce9Q6vsEiz3K321uO8pJKmUrCgUnIxkkdR5U44Rkc1N/c1j/AGRfKtDzZy0Q4M7AbH6Ve7s5jl4O6dChghteQf6aqpCxdo6z9ols+RGR+KpW0jxrv+mrBDtFqFrVEjApQXEEqOSScnPmal+MmKOGmm8FqdCauiasiTVx+VMqFJciyWQd0LQogHHkQAQfeo17Quvb3piJItP3CalWq7RnGGpiXVBSFFJBBGMZAORvgioH0pxAvOl9Rz7za1sJenFRfaWMtrJJOSARuCTg56Uq6x4zXfVFkftd8Ys64ruDlCCFoUOiknmODVedGT9NT7ovX+yII1nWogyFBCT4Dcn9FLDTDLKAhLacD0rik3iOjIaCnVb+gz79cUmOXaWpRKXOQeSQMVdGuxPqYeAvCyBxLN3TOuEmGqEGyktJSrm5s5znyxUPVaXsS/x+qPZj8q6h+DJDyxYHZWsJVj9kNyyPHukVsOytp8f/AFFcyf8AZorl7WerL/pi82BNgu8uAh9h0uBhzlCyFJwT9aifR2ouLGsnZLWnL1dpjsdIU4lMgAgE4B3x4ioLrZpx64Z2/htPtMe3TpM0TGluKU+EgpKSAAMe9RNjc1MmruHvFm9sCVqaFPmIhtrWFyH0K5EgZVjB9M1DatlEUXsVqLDybJJJA3qynDTs5xNT6Ltl6u91mQpE1HfBlptJCUE/Z675IwfnUH8OdOO6r1pabMyCfiX0pWfJA3WT7AGr6a7v8fROmIDqAltj4qNCQgAbIKwk49kg/SmSYRbwlyym3HThiOG16gx4sp6XBls86HnUgHmBwpO222x+dRaavh2mdKfsl4ZSn47fPMtivjGsDJKAMLA90kn5VRFQwcfSpXsUltZQ9+DukI2utbxbHNkvRmnm3Fl1oAqBSkkDB2xtUz687NMazaUuFxsl2mTZ0ZoupjuNpAWBuoAjfOMke1R92Vf5YrZ/sX/zDV7SgKSQoAg52I8PKoSyW7u1JeD5fwIT86cxEjILkh5xLTaR1UonAH1Iq1UDsr2xUKOubf5yJJQkuoQ0jCVEbgE+Gc4pY0VwYasvG26XpxofcWP/AAqCkjbvXM7D+hg/UVP+MI65ot8kzxDCR8yNTwG7VqC5W5haltxJLjKVqABUEqIBOPHan9wF4bQ+JN3ucKfOkQxFYDqVMpCiSVAYIPhvTM4g/wCfGoP6+/8Anmpv7FP+deoP6kn88U8EPUngdx7Kti3xqC5EeP70isHsqWPGf2Q3L/0kU6+0TF1xJjWUaAVcUupW4ZPwawk4IHLnJGdwcVXjUd44u6ZMQX+63yD8SohrvXxhWACdhnpkUyi6Tay/+kevGnhNB4f3C0R4NwlTES0OLcW8gDl5SAAMeeaZZAabCUI2BCUoSMkk7AAeJJpUvN+u96DK75c5U9bAISuSvnKAdzg+A2ziuXQNzhftk6dcuRAt7M5oq5xlP3w+0fTOKbRjeJSSROOjOz1MuVral6juSrc86kLEZlsLW2CMgKJ2z6Usyey3ZJB5l36clXiUMoGanq5IlPWySi2PNtS1NqDDi08yELwcEjxGcVHarLxXS2SjVVgWvyVbykE+pz+io4Lx+5vaRXPjdwbh8PoFsdtlxkzXJbjiVB9KUhISAcjHjvUOrt0pOcsK+WDU08cr7rRu4Q7ZxCYYR3BU7Gditju3ARgkKHXpgg7jaoyRcYh6OpHuCKmOytTWBuiJJJx3Lv0NeqLbLV/oSAfFWBS+Z0XfMhv+1WirnESN3wfYE1YxCexZHCcvuJSPEJ3P1rvRbYaEhJZCj5kmuZ29tDPdNKWfAnYVwuXiUVEpKUjywKATqtL2JtntU+fKx+VdVbHWpf4CcU4PDVV3M+3yZpmhsJDS0pCeXOc565zUNl4byiWe1ho7UGqbvYF6ftMu4IYYdS4ppOQklQwCfPaow4faZ4raKnuO2Ox3GKJPIh9RjpVlIOcb5x1PSpVPapsf/ly4/wDrI/VR+6psX/l64fJ5v9VV/Jli3HwTjqon9hl45weYwHs5G+e7PWvmk4MLI8tqtfeu05ZLjZ58JFhnoVJjuMhReQQCpJAJAHhmqo7BzJ6ZqclGtbLOdjXSfeyrrqmS39lkCHGJG3McFZHsOUfM1L3Fm4cPpy2LHry6MsuMKElLKnltkEggKJSPLOKhbhtx809orRlvsTFguDqmEkuupdQkOOEkqVjruTt8qhPiFqh/WOr7nfHwtHxTpLaFKzyIAwlPlsAOnjmnKJz2vL8H0G07drNqawJdsspu4WxSVRytJJBwMEHO+cHG/nXz94o6Zc0hrq72ZaSG2HiWSdstndB+hH0p+cCuMaOHMK5QrjCkT4clSXW0NOBJQsDBO+2CMdPKkjjjr+z8RLtBudttkqDLaaLLxeWlQcSDlJ26EZI38MUyGlh7O/sqgHjHbB/+l/b/AHDVseL2qlaNsMC8nPw7NwZS+B4tKJCvfY5HqKpTwc1dF0LriLfJ0d6Q0w24ju2SOYlSSNs7VJfGbjjaNfaJdskK1zor6n23gt5SCnCSdjg5zvUFo+H4LSaq1XA0/o2XqN51K4bMfvmyDs6SPsAe5IHzrHD2c/ddE2W4TFFUiVFbfX7qGSPx1RS+8Rrpd+HFm0o8pXw0BxSivm3dSPvEkeScn6jyqa9GdpCxWDStptT1lubzkKM2wpxC2wFFIAJGT02qcvOWQ4xUcRe8lduIP+fOoP6+/wD3hqb+xT/nZqD+pJ/vBUDaonN3TUNzuDKFIalSXHkpUQSkKUSAcbZ3p+8BeI8Phvd7nNnQZEwSmAylLKgkpIUDkk+FPBV7kyzHaDk66jsWb9r0Ti+pbnxIjNhe2By5yNvGoMvti4p6mYj/ALJLbd57jBKkczCRyE4yARjyFSmz2lrU42lY05PAO4y+jOPpXhL7UFliqSlzT88qIzgPN7Cofui6yo4x/ZXDXFjven0MsXi3SoAfBKO/SElYGAcDPQE700Izann22045lqCRnoCTipW49cT4PEmTaXoMCRD+CQ4lQeWlXPzEEYx5YqK4LwYlsPKBKW1pUQOuAQTUrgpJJSXguXoKNxk01aWYMiJZbrGbSEsmTLw4lIGw5h1+eTUi6TuOuJF1LeprJaoVv7okOxphdWV5GBgjod96iFntTWRtpKTp644ACc983vgdelZe7VFmSglrT08rxsC+gD57VC0+TJJuXhfkX+12xBc4XofkpbMtqa38OT1ychQHjggb+wqkpJJ+dSDxY4n3fiPcWnJyURoMfPcRGySlBPUknqojxqPiDnrVkYZPwjXJoyaxRUlAooooAooooAooooAooooAoorZIKlADqdqAxg0UvIsaOUc7y+fG+AMA1qux5H2Ht/VP6qAQqKU3rRKRuhKVj/VP6DXC6y40cOIUk+oxQHlRRRQGaVLNB79feug90k5x/OPl7VzW+IqW+EDZA3UfIfrpznu40ffCWmx0J/660B5zZKIjClqGT0SM9TTVfdW86pxw5Uo5Jr2uEtUt8rVskbJHkK5KAKKKKAKKKKAKKKKAKKKKAKKKKAKKKKAKKKyBQBRW31pX01p+46ku8e2WaI7KmvnCW0eXmSdgB4k7UbSWXwEs6EasjIII6iuy7W962XOVAklBfjOqZcKFBSeZJIOCOoyDvXHii3sYFRF6eSAFNtqIGM7gmvZF8P4TA/3VGkUJz4Gg7HxpyByNXaKvAUVIJ/nDI+tdLj8ZTPOpxpTfiCQfxU0sb+NG2dqYBu8UqdWWxhBJwPShhpbzqUNjKlHAFapBUQAMk7AedOW0wRFZ5nBh5Q3PkPL3oDohxkRGA2nHmSfE+ftSHeZ3xDndNH96Sev84+ddd6n8gMZo4VjCyPAeQpAoAooooAooooAooooAooooAooooAooooAoorIoArNAGae3Drh/c9ZyFrY5YlrYI+InvJJQj0AG6lHwA+ZAqs5KEe6Twi0YuTxFbGrbIL9xnsxIjZcfeWEIQOpJOBVx+FmjIOi7M2zCCV3SQkfFS/FR2ylPkkHOMdeppA07p2waYDcWxQgXk4K5r+FPvEdST0QNzsPx097bKLZOMnGwHr4n2FeI/yHqk6yVKi2orn5O7aWHZBznyRtqHhRpqdqa53C6Tbi88/IW4pmKhthtBJ+9yck48SBvWieFeh0gA2u4Kx4rnnJ+iQKQ+I3E+TYtU3O1xba0XWHSCtbpIOQDnAx4HcUx3OL9/UslLMFI8u6Jx8ya6dGn1KrTjKMsJpYMDlaxbUllklS+EejJAIYbu0RR6FEpLmPkpO/1FNW88DjyqVYr208obhmY2WiR/SBIpLhcZbs2ofFQYjyfHkKkH65Ip3WTi5ZpykIntvQnD+Er7aM+43Hvir56nQ2/uQUbSqsLTIZ1JpO86be5Lxb3o4J+y5jLavZQyD9aQT1q4seVEutuIaUxMgPDBQcOtrB8CDtn8dRVr7hOy6ly4aUTyODKlwFHIO2/dk/mn5Gtq16xCrL06y7ZGvWsHFd1N5RFFihhWZC+VRGyR1wfM/oruuk0RWfskF1WyR5DzNIba5FvkLSQpC0nC0KBG46gj0rylPLfeU46ftHw8h4Cuz4yc/jTPLCnHMbqWo49STXtKhvRQC8ggHoQdqxAdDEtp1QylKgSPSnRIZTJjqaVulQ2PkfA0AzqK9H2lMuqbWMKScGvOgCiiigCiiigCiiigCiiigCiiigCsjrWK7LXBfuVwjQobZdkyHEttoHVSicAU/IHfws0M9rO8L75ao9oiALmSAncDwQjzWrGB5bk+tk1LiW63MQ4LDcS2RU8rEZsYCR5k+JJ3JO5Oa5LBZY2ldOxLHCKVJjDmkOp/075++X6jOwB6AUyjqL7u6gubcN3FvtjYSpY3DzxOAc+QwQPfNeVva876bjTeIR5O7aUI0UnNfcx12yWX5K3VHGSQnI2GTjb5U4Y8gNArGCpWEpHlmmjEwEhCSEkA4JPQn9NLTWGsFZIyAAPEenua4tzSUuTpqbzsr9xwiuMcQZ7q2G2kSUofRykEqSRjnI8CSCSPWo+JqaeN2lX5DitQQw66EoCJg5gQ2AAEqGTnG+CPMZ8ahUgg717jp9SM7aHa84SPMXdN06r+Q5vLNAJz6UBJ8OtejDDjzgQy2pxZ6JQkqJ+Qrdeka6y+BZ03qa56dlB62SFNj8NonKFjyI6fPr61Ynh3q6NrNoMx0Fq5IGXI5OcD+ck+Kc/MVB+leHt3vU1tEtsWyGT++SZf2AB5AHcnyAFWAtczRvDaz/AMCKSvkCFyOUBb5G+6iMnJJ2AIGOlee6wqNRKMI5qPjH/p07N1qe3qPyd1/4XablPq1HqNhxa4zC3H4rBwHyBlAVjcq2I265GelVQ1LcnLzfJ1xebQ0uQ6VltCQlKATskAbAAADHpVq7FrJrWdsM2KspZS4pCmMY5FA7E53OQQQT9B0qBuM+mE2a9/HxGwmJMJUQOiV9SPn1qnR7mcajt7h/cuCLuhmCqx4ZGw604rFKLrBZUcrbG2fEU3a6IL5jSUOA7A4I8wa9IcwVdQRshMhIzg8qvUeBpCp4voTIjrR1QtOAR4A9DTPWkpWUnqDioBrRRRQBRRRQBRRRQBRRRQBRRRQGw3NS92eLKH77NvryMptrQDGRt3y8gEeoAJ+lRCBvVmeCkIQ+G8V0DC50l19R8SkEIH5DWh1Ot6NvJrl6Nuyp+pVSfg24ragVYNLvllXLKknuGiDuCR9o/IfjNMHg0W37PfGEqAlczbvLndSR1+hOa5ePdxU/qOLCSSUR2QsjOwUo5/IBUf2C7y7HcmpsBwoebPyI8QR4g1p2VlmywtOWzaq3Xbddz4WixMB5AUlWCUKIGeuT6e5pxsupdR9o5UMlRztzf4CmdpC/QNSRVS7ckMym05kRM7pJ/DSPEU4mFITCWtI5CAQkZyAP8a4dxSkpOMlhnX741EpQeUZukwJJQ+ltbSkkKQQCkg7EEeRHh41A150RPXqF2JZYr8iMoB1CyAA2g7gLVskEbg7+FTKsInTEtKcDTeC486d+RAG5x6DPzxSZIucm8vJjsgR7U2o9wwg7EDYKWfwlnqSfOt+xqytsqKzoxXNCNwknpjLsnD2EwUKuEgz3juWYxKGgfIrIyfkB71I1lsSI7QbjMMxGgAOSOjkJ9z1PuTXZbYiGkhSh0HXG9KNyuESzWt2dcHe7isgFRAyTnYAAdSScAVr172tXkoJvL8EQoUqEW0uPIh6svdn0bCDkwd7PcQVR2EAErO4yT4JB3JO5qvWor/Pv9wMq6PFxzHKlPRKEjoABsBXtrK/u6j1DMuLqeQOqw22TkIQBgJ+Qx86QfGvQ2FlG3gnLcnycS6upVpNZ0P8A4Q6jNj1O0w+siFOIZd32So7IV8iSPYmpn4mWUXnSM1nky60kut4GcKHX8hqrja1IcSUkhQOQRVt9PTBedNQJatzKipKz4EkYP4wa5nWKfo1qdzDTzs27CXqQlSlsqOscqiD1zWlKupYnwV+nRugbeUPx0lnpXoYSUoprycuSxJoWYt4DcVCFtlTiQAN8DbpSQ6ouOLWcZUSTj1rSsVJUKKKKAKKKKAKKKKAKKKKAKKKKA3TsQathoBAa0Bp1Ax/kYVt5kk/pNVPHUVajhrI+K0BYlAg8sctH05VEVxOv/sL8nS6X+6/wQRxbWV6/uvMThKkpHsEDFM4enWnvxiYUzr+4lQx3nIsexQP1U3dLw13DUFuitI51uyEJAPQ5I6/KulbSUbeDfCialaLdVpeWK/DRqc7q+B9zw4VpXlfJ/N8QfQ+tWANpmNIWXFNoCiTg5PXoABSrpHR1n0vqOW60ju/ix3jZURykYJKQT038KXrpqCI46qMgNNEDAXsFA15a/v8A6monRWl5O5aUnQj2veSLdQsrtFsW3IUPjriQhCMEFDAIJUR4cxwBnqAfOtbG0kb5JIwB7126j0utT7s1uV363FcxPNlXTbx3+VNhtcy3yOVC20gnJUoE5Hj7Vmp4qU8J7NpvD2Pvvw2MrcCEIBJKiAAAMk59gahDiZrZeoZQiQVLRaWSChJGC4oZ+2frsPCnVrqZdW9MvmMlEiO+OV16Orn7tJ684AyM9M9KhpSjvkb+NdPplnGP60tvwcjqFy8+nE1Jyd6ANxQEk42NPPhrp1N7viXJjJXb4453QcgOnolAx1JJGQD0BrrzmoRcn4OXCDnJRQ3rfapdw75URhS2mk87rh2Q2nxKlHYD3PtmrFcIXC5w+tvMc92pxAI8gs4P4/GvDXcWx2jRgtl2ujFkS6pLqYUNhL8p4AHA5QQGhk9Sc+JJ6UpcMGWmND2wR0OJYc53UB0gqwpZxkgAZ9q8/wBXquraqTWPuWDq2VNU6/annRAXFBsNa4uiU9C6TTUPWnLxGkfE6xubg3BdP5abRruW37MU/ZHNrfuM1ooorMYgooooAooooAooooAooooAooooDfO9WC4CXMSdKyIBI54cgqAPUIWM/lBqvgp78JdQCx6qZDy+WLLHcOknYZOx+RrR6lQ9e3lHzybVnV9KqmO3j/aCmVb7ugEpcSY7h8iMlOfcEj5Uz+Ea2WtcW9UjwKu7ztheNqsDrCyN6j05Lt6iCtxOWifBwDKTnw32PvVV1pkW2eUKC2JMdzBHQoUD+UEVpdLq/UWjoSe1lG1eQ9GuquMpl43oSbzpZakEF9kd42R19RVXeId+u9k1Y6zHfKWglKkggEKBG5z1O+akXhNxeZdAt95cbjylYAWs4Q4TscHoCfI7Ul9oLTDjsRq9w2CWW1YcKRshKt9/QE/IEVz7GmrS5VCsueH4NirOVSlKdN/JHzXEq5oa5ORPN5hRA+hpx2W8G+WlcpZSHkKw6nmGR6gdcVEPKQrHjSrYRc1S1N2lDi31pKVBsbhJ6knwA8zgCu/Usqfb9iSZpUb6opLv2iVLfHmsMiW0VJSrJSknG3Qgg7EehyPSmhftKOzH1y7MwEt8w79rIShjP4WTsE9fHb2qc7JB+K05CUtLalqYbK1hQUnPKM4I++3B3zg+tNzUVrfaVlaeZoAgtYwhSSMEYGB0/JXGtr7tquOfOGdavbxrQ4GCYmjLFpJbjk6Nc784AAhHO4gEdQMYAHQZJycbCmFOu0ya6FPPqASMISj7CEDyCRgAegFdOqbOuz3RbIyWFjnaUfFJ/SOh9qRsb16GnGLXcnnJwavdCTg9YOqI09PnNMN5ceeWEJBOSSTgevjVr1Ia09poNDAagRQgEeJSnB+pqGuBemlTbwq9yEfwWCcNEjIW8Rtj2GT74p4cbb+m32EW9lf7/KOVAHcJGf05+lcLqcvqbiFrHxtnQs4+jRlVfnggS6yDKuMh5RyXFk59zXJnpWScmta9DFKKSRyZPLbMUUUUICiiigCiiigCiiigCiiigCiiigCt0KKVAjO3lWpoHWgLHcJdYIvlqRAmOfw+OnlOTu4kdD7+dJnFzQarmld7tDfNNSnMhlI3dAGy0jxUB1HiAD1qFLRcJNrnNS4Tim32yCkg/iPoasboHXMTUsVtt1aWbkkAKaJwVkeKQevtXnLu2q2Nb6qhtPlHYoVY3MPSqc+CtCuZBIzjwIqWOFmv5DZVpu/tu3KzzUFnkIK1oyMDHU4G/t47dHlrThjar5KMyGpUOYSS6hoDkdPz2ST5jI9KiLU6Lvp4u2021yzML2UU5Knx/rO/hDHgMDc7b10IXFDqMO1c/wBp/Bqzo1bWW+Ds1ZpW3aVu7onSHZURw95DbjjBeb8CpZ2TgjBABOQelN2ffn5LBhxUIg28/wDwzGQFeRWeqz6kn0ArpN+EvTSrXcElzuVc8VeN0E7HfyIwCPQHqM0gMo53UoT1UcD3O1b1KMlH79tGvNpy+3gtPZrpA05w3tMm6PBhlMRAAJ+0o8oIAHiTkHH1pmq4wWebLEeTbZSIpwnvypJUk5Azy+QGSRnwpgcU9QfdW5xoEV0qgWtlMZsAjlKwAFqHnkjAPkKZCEKWQlAJUegAyc+1cm36NSadSrttt/g36vUJxajT4ROfEjS7dy038dblIkttAvR3WjzAoO6k5Hpvjr6VFujNKztU3dMWGCllOFPPkfZaT5n18h1NSXwZ05qOBJMmYgxbM+khcd/PO75FCfAgkbnGQT1qSG0WvS1qd7pDUOEhRWSgYK1HJyfM9QMn22rXlfOyTt4vufh+xmdurrFaSx7moTbNI6dQ20AzCiIISCcFZxkk+ZJ3J88VWfWl/e1Fe35bpPKVEIT4AeAFL/EvXL2o5ZYikogNkhKQfvvU0wc1u9MsZUs16u5yNO8uVPFOHCNaKKK6xoBRRRQBRRRQBRRRQBRRRQBRRRQBRRRQGTW7SSpYCQSScADxrTxrtttwkW6SJENYafT964EglB8xnofXrRgmfhnw4t9tbbvWuWQsFBUxbFbFQI2W6SQEDHQE58TjpTD1fLb03qWZG0yExIwXlDqHQ47yEZCS4CQMZxgY6b5pqTbjMmuKcmSn33FHKlOOFRJ8964ySa140ZOTlUllPx4M7qxUUoLD9yZNG8W1MtoiagQVpGAH0bED1FSpAu9m1BD7tl+LLYX1ZdAIP+6dqqPXRFmSIqgqO8ttQ8UnFc656PTqS76T7X8GzS6hOKxNZRZO6cMtLXAqV8A5FWrfMV0pH0ORSG5wYshXlu43JA8AQg4+eBUXW7iDqKCAlqe4pI8FnP5aWE8W9RJABW0SPEpH6qwfSdRp6hUyjN9RaS3KOyQ4nCDTbKgX3bhJx1CnQgH6DNOu1WCwabaC4VviRCB/HLwV/wBtZzn2qCZXFPUj4KUyg2D/ADAB+QU2LjqK6XFRMua85nqCqo/4+9rarVML4H1dvT3Tjsn7VPEy0WpC0RnDNk4OAkkpB9T1Py2qIbrr+5XWS/8AH8r0B9PI5GOwKc5GD1BB3BHj1yKZKlEqJJOaxk10bXptG32ll+7NWte1KuuEdMtLKXv4OtS2juCoYIHkfDI9Nq5lUo2y3rlKC3MpZHU+foK7r03HbhhISlLmRyADcjxzXQRpjfrNZHUbUrMSIoiht1pRVvuAM5Iyd/cD5E1DZeEFJ4bwJGPSjG+BSsh6AiU2ptlwtjPMleDnbGw969G5MBL6VlhxWE4O464I6e+/yqMsyekv5IRaMUrMSI6GAhxtRyVE4AJwRgDPl1rJXbPwWXh4Yz6e/nind8D0V4khIrFLYkQVQ22nWVc6AdwMZO/U536itOe1838S8AOmT13PXfyx0p3fBPoLX3oSB60UuOSoDoSHGlYAAwBgZx5g1qpVvjyGXG0B5HKCUHcE+Rz8/pTu+CXbpbU0ItFLTL1taWlQadUQN+YD18M+Vc8hcDulBlp3vCMAqOwOev0omVdFJZ7kJdFbHr4UbVYwGtFFFAFZrFFAZAOdqUl2mSlkLASokAlIO4pNBIII6iluLeQByyEHIGOZH6QaAR1trbVhaSk+RGK1x6U7ESosoABxtfooYP4683LZEdBIa5c+KCaAa/Tr0pyOQo6oC1NNIClN5B3znFIdwjiLLW0DkA7H0pxWpQdtzWT0BSfltRkjWwSrA3JOBS7AtATyrlnmPggdB7n9FIy8sSSPFCiMexrul3h51JS0A0D1I3J+dCBVnT2oieROFOjogbAeWabch5ch0uOqKlHx/RXmSSSSck9Sa1oDdB+1vVqdJ6S4XWDhdpS8a2ty35V5SAHyXFlTiiTy4SQAAAADjz3qqqOvp4+1Wr0vfuF+sOFOlNPazuymJVtQGxHCnG1BzdOcpBBBBGKATZ/DnSbHaTtOnmLehyxTIRkLi96VICuRewIOQMpBxnxrj4caC01deIHE+3T7U29DtId+CaK1gM4WsDBBydgOpPSluwaMt2h+1RZLZZ1vmE7CXIQh5ZWUEtrBTzHcjKSRnzrt4R/yrcaP6L/945QDG4Pu8IRo2OjXTLK78X3AoFDxJQSOQfY26dPx0sdorRGjNOnSlu05bkW+fc5ILikKUpQYOE5IUTg5UCPUGmF2bNIfss4mwDIb54Fs/hr4PQ8pHIk+6iNvIGvTijqz9mHHVM1lznhRpzMOLjOO7Q4Bn5qKj86An1XDrhJF1fF0U7ZFKvjsXv0kl08yADlRWDjOEk4x1xUd8E+FuntSXDiHabrDEly3STEhSFrUFNbuJCtiASMJO/lU/SdFW9/i9D1eq6KRcmIZipgfYwpOFDn3PN+EfDwqKeCl4a0/dOMV3kJK2YVwLyxnBKQt0k59Bk0BGNt0NbI3ArWlyuluSdRWq5mIl9SiC3hSAQBnHieo8aXOJfDC0ReBOm9VWOAliehiO9PWlSj3qHEAFRBOBhRB28zUqcc7JHtnCTXU+EpKmLu+xOAT4KJbST8+UH5mlnTLkC7cNNMaPuCeUXvTh7tX9BtAIA8wFg/KgIf1Lw+0vE418PrIxaGk2y5QEuy2AteHVELySc5HQdD4V1cVoHBiyWfUVqt0RhjU8ZlTTSAHiUvDGACTjPvTm1ywYvaT4Yx1L51NQA2VeZHeAn54pl9paFw4Qi+SLVK5tbGan4hrvHDgk/b2I5emPH2oCth961rZQ8fWtaAKKKKAKKKKAKKKKAzmvRLziPvVrT7KIryooDZSipRKiSTuSTTg065zRnEfzVZHoDTdpX06sCU4g/hJ29xQHPeG+S4O46KIUPnXBSzqJHK+0vGxSR8waRzQGKKKKA3RjmGTjerVaOsfDfV/C/SCLherbZrnbylb621NNPuOpJyHCoZIOxBz5VVRIyasdons4NX3SdpvFy1MmC7PaS+lkRwsJSdwASoZOMZ28aAXb/rfTq+1RY7qi7RVWyPC+EdlpWC0lwocwObpjKgM9Aafhc4caSOsNQ27UUNc+7MPKko+PQ7zKPMrCEDcEk4A9arDxL4YSNG8RYOl2p6Jhnhn4d8o7v8AjF8gChk4wQehO2KmAdlWLs0dXn4rkzyCGnrj+nnGfHHSgOjswu6XtPDS6KuF+hW663Z1xp1S5CG3Wm0jkRygnr9okHzPpTG4k6J0No+XpmZpTUIubzlzbRIC5bbgQ2CCVHlAxuOp2prcNOGB1bxHuWlJ9w+BdgoeK3m2g5zKbWEYAJGxznJqPbrDEG6TIYVzhh5bXPjGQlRGcfL8dAW1m6nsSu1Pb7mLxbzb02UtqlCQjugr7exVnGd+mfGmZpW+Wtix8cEOXKG2uct74VKnkgvgl37wZ3yCOmetR5e+Grds4OWbXAuanHLg+GTELAARkrGebO/3nl402uG2mUay1varA5JVFTOcKC8lAWUYSTnBIz086AneZr2BqDspP2+bcY6b3GQ3DMdbwDjgbdTyqCScnKCM+oNc+q9dQ7FA4NXG3T40l21sAS22XAooSUIStKgDkEgqGD4imLaOErM/jVO0GbstDcUOH4sMAqVyoC/vM4Gc46+Feun+DLk/jBctDzrkuKIrTj6JQYCu8bHKUK5SQACF+exBFASvr/Util9o/QVzjXi3u29mKoOSEPpKEEl3AUrOAcEbGubjJo7hpcLbqbU8XUTci/utrkttN3FBSpzbACOpHpmof4UcLF6+1ldLMLiIUe3JWp18tc6lAL5AAnIGT1JJ2xT3192eY+nNFXO/2vU6LibejvFtdwlIUAQFAKCjgjOQCKAryqta2UMbA5rWgCiiigCiiigCiiigCiiigCu20Od3cGSehOD864q9G1FCkq8iDQC/qBBVDQsfgrwT7jFNynZc099bniPFIWPlv+mmnQBRRRQGU+PtVluOcl2HwZ4VPskczTaFgEnchpJGfTaq1Adfarkai4fXHiJwm4atWpcPuobLTsgSFlIWgoSCBgHJ2O1AQRJ15dOIPFrSt0vTUZqQ1Lix0iMkpBSHgRnJJzlVWBeJ/dix0nJT9x84ztnkO+Ki7i3pex6Q486Qt+nYbcGIpcR5xCVEgqL5GTkkjYCrCL0BNVx1a1yJcYQUQfg/h/td6VYIz0xjfzoCGeAx/wDE3q4ekz++TVdtVE/spu/9de/vDVh+Aqge0xq9QIIxMORv/pk0yeLHBXUWlYF11NcZVtXBMonkZcWV4ccONikDbIzvQDm1sf8Awf6OPj8cB/xP1HXZ0P8A30aX/rCvzFVONr0PceIHZg0laLO9FZkIfMgqkqKU8ocdBGQCc5I8KjPhxo6foXtG6csl1djOym3A6Vx1FSMLaURgkA5x6UBIGk9+2Xex44f3P+wRUwCxMT+KFk1lakpcYdt8mBJWPEhSSgn2KVpPsKh/SP8A75l69n/7lFPTs66s+PuGstNSHMP227SH2Ek7llbq8gegXn+0KAjjssutjihrOOt1tDrzLgbSSAVYfOcDxxnJx4VnVnC3WuguG+pVW7VEN+zPAvzobccpU4k4BIUrJBAxsCOlNTgxoS3a74haoi3CZOiuRQ68yuK6G18xdKTk4O2CM4qUGNGX7Q3AHiBE1PLbkOyEqdZWmQp3CcAYJOMHI6CgKfq61rWTWKAKKKKAKKKKAKKKKAKKKyOooDFZAJ2A3pVg2lx4BbxLaDuB4kfopXbjxYSMhKEY/DXuTQGYRLlvaCwRlvkIIx6Uh/ciWTshIHqoUqu3iMjZJW4R5DA+prnVfUjowr5q/wAKAT12qWn/AEYPsoGuZ2M81/GNrT6kbfWlpN8bz9plYHoQa6mLlFfGO85SfwVj/oUA10nG9Oa0a71VZYKIVo1DdIURGeVliStKE5OTgA7b0SrZGkJJSAhZ6KQNj8qQ5sF2IrKxlBOAsdDQHvc7xcLrPVOuc6RLmrxzPvuFazjAG5OdsDHljal/9szWoQEDVd65AMYExYGMY86ZtFALFkv11sc5c2zXKVCmLQUKeYdKFkE5IJG5BIFd151xqe9wFwrvf7nNiLIKmX5CloJByCQTjIps0UA6bVr3VdogMwrXqO6xIbOQ2wzJWlCASSQADgbkn51yOapvj1/bvbt3nLu7eAmYp4l1IAwMK6jYkUg0UAvMaqvke/OXti7zm7u5nnmpeIdVkYOVdTkAD5VpatSXm0XV+5Wy6zYk98q72Qy6UOL5jk5I3OTufWkSigFa13252m5m42y4Sok4837+y6ULOTk5I3OT1z1pQvOuNT3uEqHeNQXSbDWQVMvyVrQSDkEgnBwabNFAbKOcVrRRQBRRRQBRRRQBRRRQGwBJAAJPpThtdsDIS6+AXDuAfwa8bFCGRJcGRkhAP5a3vM8t5jsHCyMOEeHpQG9xuoZJbYwtfiTuAf0mk1qJKuCu8USQeq1nA+VdVqtnMEvyU7E5Sg+Pqa751xZifYIC3QPvBsB86A52bKyMd6tbh8gMD9ddItcRJwWPqTSHIukp3bvChPknb8fWufL698uK+poBxLtURXRop9Qo7VxSbL1MdzfwSvx+dJSXn2iMLcQfcilCLeHkEJfHep6eRH66A8UPy7e53awoDxQrcH2pcjSWJzKhgHbCkHcj38x61kfD3CMei0HYgjBB/QaQpcZ62yAttR5c/ZWPyGgNrrbjGV3jeVNH06Hy9vWkynbCkNzox5kjf7LiD5/qpvXGIYkgo3KDuk+Y/wAKA46KKKAKKKKAKKKKAKKKKAKKKKAKKKKAKKKKAK94rJkSENDqogZ8h414UrafSDMUT1Sg4+tAK8t8QYRUkAco5UD16f40j2eL8TILro5kIOTkdT5GvfUSjzsJz9kgnHzpQs6Am3NYHXJPvQHldZ3wrYbbP76of2R60hxIzs14hHupR6D1NaTHVuyXFLOSTTmtrSGoTXIMZGT70B5xrbHYAwgOLHVSt/oK7RgDCQAPQYoooDC0pcGFpSoeoBpKnWhCwVRRyL6lBOx9qVqB1oBpR3nYcjIBCknCkHoR5GnIC1Ph/wCosYPmD/hSbqJpI7lwD7atia1084rvXm8/Z5c4oDmjuLt1w5Vfeg4UPAg0sXdgSISindSBzpOOo8q4NRpAdZUB9pSd/rSlblFdvYKjnIA+WaAadFejow64B0BOPrXnQBRRRQBRRRQBRRRQBRRRQH//2Q==','Scholastic Press'),(6,'Crónica de una muerte anunciada','Gabriel García Márquez','En un pequeño y aislado pueblo en la costa del Caribe, se casan Bayardo San Román, un hombre rico y recién llegado, y Ángela Vicario. Al celebrar su boda, los recién casados se van a su nueva casa, y allí Bayardo descubre que su esposa no es virgen. Inmediatamente, Bayardo devuelve a Ángela Vicario a la casa de sus padres donde es golpeada por su madre e interrogada por sus hermanos, Ángela culpará a Santiago Nasar, un vecino del pueblo.','data:image/jpeg;base64,/9j/4AAQSkZJRgABAQAAAQABAAD/4gIoSUNDX1BST0ZJTEUAAQEAAAIYAAAAAAQwAABtbnRyUkdCIFhZWiAAAAAAAAAAAAAAAABhY3NwAAAAAAAAAAAAAAAAAAAAAAAAAAAAAAAAAAAAAQAA9tYAAQAAAADTLQAAAAAAAAAAAAAAAAAAAAAAAAAAAAAAAAAAAAAAAAAAAAAAAAAAAAAAAAAAAAAAAAAAAAlkZXNjAAAA8AAAAHRyWFlaAAABZAAAABRnWFlaAAABeAAAABRiWFlaAAABjAAAABRyVFJDAAABoAAAAChnVFJDAAABoAAAAChiVFJDAAABoAAAACh3dHB0AAAByAAAABRjcHJ0AAAB3AAAADxtbHVjAAAAAAAAAAEAAAAMZW5VUwAAAFgAAAAcAHMAUgBHAEIAAAAAAAAAAAAAAAAAAAAAAAAAAAAAAAAAAAAAAAAAAAAAAAAAAAAAAAAAAAAAAAAAAAAAAAAAAAAAAAAAAAAAAAAAAAAAAAAAAAAAAAAAAFhZWiAAAAAAAABvogAAOPUAAAOQWFlaIAAAAAAAAGKZAAC3hQAAGNpYWVogAAAAAAAAJKAAAA+EAAC2z3BhcmEAAAAAAAQAAAACZmYAAPKnAAANWQAAE9AAAApbAAAAAAAAAABYWVogAAAAAAAA9tYAAQAAAADTLW1sdWMAAAAAAAAAAQAAAAxlblVTAAAAIAAAABwARwBvAG8AZwBsAGUAIABJAG4AYwAuACAAMgAwADEANv/bAEMABgQFBgUEBgYFBgcHBggKEAoKCQkKFA4PDBAXFBgYFxQWFhodJR8aGyMcFhYgLCAjJicpKikZHy0wLSgwJSgpKP/bAEMBBwcHCggKEwoKEygaFhooKCgoKCgoKCgoKCgoKCgoKCgoKCgoKCgoKCgoKCgoKCgoKCgoKCgoKCgoKCgoKCgoKP/AABEIAgABUAMBIgACEQEDEQH/xAAcAAACAwEBAQEAAAAAAAAAAAADBAIFBgEABwj/xABMEAABAwMDAgQDBgQEBAMGBAcBAgMRAAQhBRIxQVEGEyJhB3GBFDKRobHwI0LB0RVSYuEWM5LxCCSCFyVDY3KyJ3PC0jQ2U2SDotP/xAAaAQADAQEBAQAAAAAAAAAAAAAAAQIDBAUG/8QAMREAAgIBBAEDAwEIAwEBAAAAAAECEQMEEiExQRMiUQVhcTIjQoGRobHB8BQz4dFS/9oADAMBAAIRAxEAPwCn8tS0J2rgHJAFTLSo9PAyBFGKQnbj2gAx711ClLhOBjpWZ8xEElJG3kq42gcVNtKiiVEEHgfKjJYJUFJCTExiMHtRm2hshYnpPtWbRdi+wHAIPtIoDqIMpIBmR/erBDWxAkgCZ+7NRdaWCYgjaBEdazaotMrymArqsJ6ZjAiuEbkgnMiDnmmVNEqk4MYA6muBCkiFESScRUlpi3llRhWAcjr+tT8glSQR15FGKDv3FW4AcVLa5tIA4IOO1Q2O2caYIP34A6dDXfLLZJPqTETxXZUBChjgVNYPq4gZis2AiojzAClXAgxUX0GZQOke9PLQlaIn0ngnpXEMp/1QBIHvRZVivCTBG77wxECpeWCgjBPv1pjYpU9R79PlREoESIT8gM1LYbivUz5qgrEjvU1oCXZ6QQMUVf3jCcUMufxdpSQJ5jFMdgfK3BUqGOkUP0hYACdwSOPnTJXtWoKIJ4kdPaoqaSVkoMyMGI/fNMdlbuVscUAD0gdK60n0hSyJ5CflR0t7GlQqDB+ZP1qCUHaQVCZncaoqxdwgq2spxEHNcXlK/MGaItIDiiFA44Pb9mjITtQnrOMCZmqCxUNK27QZ4FKLDiCEyNoJHvVi96ELUtWwTgDJPagIQVbitU7jIHt8qpMdnhgkpHbj6VEiUDaJWRMA5o+0BACVAmMwcE/2qKiUBO4DccyIjNNCsXWMr4nHBoSWypZUrKs/SmHU70kpiRyT1/OpsMHyyVHcc85E07oBFTZ6kR0/2rrLIU7KkkqGfanfKTPAmcGK75JC90/fAHyqt3BE+hPyoKvSQCTk9aC62ZxA+fSn9iSgbVGR7Uu4Dv2kZHtNUmLkTU0EkAH6xQ3G9yjEyfzp1aACSojb8j/ahq2wAmZFWmDbEtgHI2xQlAEwPlNMuSZHPzoe1RPHFWhqT7ABOIVk1FSMHvxIo4kAiOnJqASuDP4Uy1Ji5RGPzqSE53e3XpREjJJrmyTzE/nSL3H0VPqg8DpOZozLZbURyZ/AUVCUmZEA/nTaGgQDMZkY4o7PMTBpbiT1PPv0ru3aOZTMfOmQkSTG36U2LW3FiLl/zJW4W0IRA4AJJJ/+pMD58RSaKSbK1HqyoQeR1zUH1BpIkklRx86txoVxKUEISYzLgHl+gq9XbAJz2PapDQLnerYW1OuKbQhG6SremUkdIgk5NZtGihL4M/tJX6ZVPXmuLSQcwEitAvQbpIlPkJTylRcAB9JV+QSZniKWc0K8SmVeRBUUpBcAKoQleO/pUn8Y5rJxZWx/BR+UtAOxJ3kcnvXbckt+pQJ6n+1Xv+C3jgQEqZwCVy4n0ehS/VnHpSo/QjmhsaA87bMOWyW1+Y6ptSt6QgGCQPwSo/SoaZW1/BWRuSmT6owR/SoLSnqASZJ96uWdEvHEuFpLawhO4ELHqGzfjv6c/gOTQL/Tn7PyjcBG11BUhSVAggGOnuKzaaCnRUlPqMgEjBiupZ5kkZke9GUgle4iSOlSbQUkqUPV7dKGAM/eKUxx3rg6pWMGpOhQAgA5qJhTZlUGeJED61G0KFnFesJRt3cncagpuWlBRJT2A4mnlWoUAQJHM8Vw2hKSlxz0mSCBBqkNISYaBW4UJH3oJJzijqtgQhRwpMwJxFFt7MtqlK9yckziaMW4hMz+tKX2BlU4wgmFA5OTzSS9pPJ2nkxV0pmQYTCjk/Oknk+VuWrniqTLTFfJSlaQgqk9jwKCfMSr0cCenyzRfMUHVpBAQOJ5+lR2KG714JJJAqh2LPJU4FFxyIHAHJ96iypSExAPcRzT/kpUASUjvHMVBTASCDGT24/vVWFkCUBM4EcmMx7UslRcQUpSQCZTjiOnyphbC1FRa2p7Gea8UHIIIJ/CiwFEJUpTiUmIH5fs0VuBuQIP8pIPAnpXktkKPBkDJNFQ3sUOCI6VTYySUHaopPTJPNRU0rZI57TzTCIBOQDzXFLmSACrrNKyQCmNiCIIk4oSkFW1IMzTSN7m1Sj6SIIjiKjEEwfzppkornGwHBPXBigvMbgQkmBx7/vFPlBBCW9kc4zGKEUEHJArVSGxLySAARu7kUs8FJUEJJPuatS2fLPRQM/Sl3Ww4oSTuq0yStyeeOprxAIkTFOONJjP3B0/OhBsCcx3AMxVphYoU4EHBrvlwJPyphSUzOAeK6kAn296Ybvg+iIQqYViTiM0y2YKkpUSR1AmpNtekAACcnFT27J4gcxVJUciR7Ys7RuycmRzTdrduMtFoJaW2o7tq0BQBjkSMUuF78gZ61xAVgklMjJ6VmzRcFgrU7pYhSxJBCiEiV+gpz3O0kT70RjU7lCkOJcShSfLCTtGNghP5Y96QAChIMYoqdoKZPPepZak/kMu+fc3A7QkySEpA5SUn8iaC/rNy7atMbEeYhaiHVIBwW0NgDGCAj8/auxPIieaAbcFZ5OeCOlZO/BdsKdRuvJ8tKkJlJSshCQVSgok4ydqlD6nrXmdRvm7dLCXUhCCkgbBJ2pKRn5KIrwtw3CgCc4muFISuCRUOxpv5IJvLhplTJKFIUBlSUmITtwfkB+Fc1DULrUVBd0tKiCoghIESZPHvNdWkEwRI/70J1ITxyMVm7C2KrJBgAFXEz7VECU8zPWmI6wO1U3iLV/8PaQ3bNh66cMIbnJqOi8WKWSW2JYlTbSCXFJSmDz1/cVSa9qyWNBdes0bi5gKTykd/rWUTrd5d3ynX0pWUqA8gkhOBmPz4pXUbh5loMNOFdq/JR7Ej1J+h/eaPTbas9jT6SGL3y5Yfwr4ivbS8bt7tSnrdzlSj/y54r6Km7tlA7HkqAUUmDOe1fH7hpTlm5dEbLa1KQszBUsmEgfQU2xqRSIbUtqdp54PWe9bThfMSMukjkdrhn1xDiVJxFdA3kgAfMVkrHUot2FuXKXC9xtOQR0NaC0vE+X96T3BrDs8zNhlhltmNKZKU+lII5pZ5rdylJPOaeSsLSQDyORXFt7htwR0kUGZSPsS4oqa3LKYEUBxCmykhORAImKt1s4xz7VBTIH8oVGZiq3DspVK3OemPmDxUlOhO1OVIMgziPerBNoBuISkJOINDes/SdgCVR/Wq3IoTccUhBLYETCp5qW0rw4M+2BU1sqaYWVI3KJ4JiK95oR6dkYAI96T+wUDLYg7pE9TUCg7xEcQKYLYMk8H39qIWA4gDcASM7u37NG4Yg8CG8buf6VNDRFv6/5pIxFOuNBLEpTMczwc/vNE3phPmREZx1/rS3isVLKG0N7YJJ4I4xmhJtltOKSePn1qxb2LbcCG8J9W4jM0YtSVDbJA5jFJTogq/s6EIIntwPalnU7RAQJiZNWq2wtufeJM0i6lQIKgJ6AitIyGJkDarHtSjoJMRCu/FNrjdCyZHRPSgff3bTOMz1reLCgBTsQpSswCfnjioOjcmTtyIgU442T6SkpScmTk+woFxbyZSIx1rRMloQTJyUie1dJ9JO0Y4BonlKB4iu+UVAwIj86uxH1BEeWMgkmvEzAkJMdaE2ohCSFAQMzRCAYSSIjr86py4MEjgQNpgmO9DCpjcVEHgA81C5ATahIKiSMHv/tXGmHGSkoAUsmRPArBstIaSopUBMyZ4jFGQCDMECOVdRUGUncN0FcZP602EhUFOVRRdlJA9yiqRG1WfV0qewSJg1BwBUwTx2iOamV7khIEqjieakoiRCoEbojjihwAQNs4jI5qbYKVrByQQaj/ADQMDkmpYyDqcDaKi4ENIJdIShJgk8UVTzCHEpK0JUrASVCSP61hfEGunUbq5aKi3Y2quh/5h6D9KwnKujq0+meZ/CL7/G7ABannEpQEkpWogJVzwfpWSevLPV2jr+nyLm0WBlWccGBx86c0PQmtRU6/qbW5jaENoJ9Ke8CqbXmWtGbvk27DbLIcSUqMSUwenET+lKMXV3yz0ccMMcuyCpr7la7buMWjN1eeUhV4VONoHJ9RE495py5ZbXpyU253qDqXgkDIJMH/APTVJoto1eebcueY4QdjRWcAASSB0zVzauWlrp7jhU8b11KtoEFLYHJPzNbTi0dGPIpNxXgqdRbUu2RZhtSVFwukEcmISfpn8aMzZzp6leUPKbUlClcmT/2P4ULVbkXT718wtbgbVsSrZG/AHFU2nXBttSbculrbQpUOKJ4B6kdeatRbiDklLkumbdDV+XEu7UJwJPWroakGVFNurzAk7ZTBCvcZ4qg186fcXfmac44GVq9LcztTxyOfnFXXhlLLG1oISXVGUtr/AJx1A96znezcYzxY55NsuzW6FftuuKBX/Fx6ZyPpWgQ6lcTuGJrGXtvb2F+y6yslm5SXGSMekzKVHuDFRt9YLLW9bgIEGO08fnWEXuVo4dRopY5ezlG2KULIKYVHTrUS1tGTnmqbTNRD5lTgAAnPJp4O+vcpZiIiTz1oOP7MOtCQJO0YiTnNBQtDkAA/hj94oVwN8bVEqniusj7pyU9TQFnnWxkLkiflSVwwJ3AZ71clKFpKgRPNJOo2rByEgEGiykJ29ur1JyoDMnrR0o2KBBOBECnGtqkAiDz9a95YCQSDxIk1LbBgHGEqmFwDjP8AWvC3b3b9skYjoKKW5ETCR1mugYhMn2qbESbbBG0CAvBipJHpEwSOg9q6hW4pEZx9K5kjcJCVE5ietKwaFLmVtkEARiD86r7pIT6lqzyMflVotsIbUVdckk0lclJAGO5xWkZCRVltS9pAKlcCQCK4WdgCSJnpFPtrQlMhRHY1FSElRMSeuOa2jMBEJBGUgHv2oKRuVKyQPej3AKuvp7cfjS6yNikRtUfukVtFhQqJM4HMAg80dW3yyR6cde9QW2dxbTtIx6gqpeWFbUbgIwSavcLarN0pSuwP5Zrls+qCHh/Ek9Oa4sbQQrkxIFcSCeD/AHqnKjnGm1gglUCTBxR0kKAgA4xjikWdrbriVGQcpSJk/KnmNjSeZxuI9+1ZmkTyghKyrJG6AqmRISTIA6Gg26BtAUDMZnvFFAKk4mP6UhoEpRmZ6nn5VIpTAJ3Z5rzaCDCgOcVMqg8A9u1SUBBKCeZ7UnqWosaawh24kBxZQgASSQJP5U0+8hDa3XCAEiSYrCeIddi7Zu3dPcXbNEpZSU5U57/2rOUn0uzp0un9WXu/SUd/qt7qfie01F21CLYjAQohJHAgx36GmvFNozpr7KkrAYuPWoCPStOSMY7fQitD4ctnm/BCla8wlazLyG04UhEylE/vmqnx2LHWNT0j7KtSWnWnHXlHBShKimT7wkD3ipmlGcY+D18GX1Iyrwy3f1i2tba3tmAoJCMqwYAEk1nPGmptNh61Fr9pC2UpbUAD6yZ3H2xQNJ19ixb1J1VkpVs8yWWE8lo7h6p7xOaqbPV/tluzbv27jl0CUhaE/eTPpT9KrZJytrhEYMUMV07k/I/pS7mws0uC2bfbWny3UH0kTH3T0PSi3TDWlaqwblKv/N26lvtDPlzu2j8h+NCR9ptFtF9syHJCF4CCJ5mmrqx1FtQ1C5V5i7gb+5KTgH+g+VE5Jys2xQcIUweg2D1vpzl1cW++0KlLQ0sRuUEmD7gH+tYzU0uO3q3nE7QSUhMV9EN9qDuh2zTDR8u2IaUVcTnn5yRWXvmHn7yG7dTiRKj6eO+e1Vhm9zbKyxTgkiWhp0/U7izt0tKY2pm5cUngg9O4iPxoeoR9tcRbrKg04QlST2PIoTNwtnKWCiAeDk1b6bqNv/g7Vs7Zttul8Fy5UQYSehxI55qnui7XKMZKM0k+GPM3/wBp0ULvRCWStZKcEkiDj3IFZly5eFwkpKSHSApEcV9COiM2l0thtzzGdheRu4ViR+hH0NYnSrYNN3r7qFKdkoSPzrLA4yujXUOWKKb7LTTn27Ja7RDhWtB+8SDA/ZirZi/WFBKVxn/LNUNg0bt1SmmlJH8pVgz2Pf6UylDzcl1ChBgmKLTdPs87V6anvS4ZqEOOFQWpY2mR/tTdstKGyoq5wI6VU6Y6Xm1JdVzmZ61aMkgJbQlBHSIk1D+Dg64HrRWxRbXKgU956V57MghRABEjoKHp6k+YPTBPMH2ovq3uJAVHMjrUgAaS0jDM4yYzTKZV93KhjIpbynUuekICJnmDU1qhIK4SCTweaTKDqT6OPma4kJSCJBnJ+VGaMBMzn2rhbbhSkpIPcGOtZsVC7ayHSn3xUmVJghSdiVKO2aJ5aRGyMdqCbdSXQUrO2Zg9jmgTOXMKaJAxzJHSq99aP+WmARkz1FWL8KZ2KEARgGqp9vc64lUREQePnVRCiDbSTvV1JnE4z0ivIbBSR6vb1E0dtktITvB4P50VaUJRu5k9Bj51opAIPpKBCJGKQVJBCjHzq2caCCAng9JpRaUFSoBCuK1jIKEEpBKjHavBvaAVEZPajlglQEYA9WcV0NkyncTgSSK03cAbW4ZlWBBH+mossBIB24yTVgriCMxkRUExEhMDmuiSOdIWCAVqAIABggdaKfvxt68movEgEIUJI46DjAqVulRSCvpWY6GB92d0TyK4TAMdR+FQekDaDHvQhATkyZ7VLKsZ9RmRPeolRjHEcVBBBHBxmTUpS59yCB9ZqboYtduNtoWsJDjqUlTaFcFW1RHz7x7V8t1fVLl3TbaxZsX0O2qi6FBW4KeJyuenyrRePr29Y1kuKi3cDSdjTapAgYPcHj8aqWLDxG8wi4cZS2pY3SpUSI6xH4Vz44736h9BBR0+JY5OjQalqqFsNBSkt2jYSt4rMKWRnbB9+awqjqHiPV7lvTmCTcnaDxCASopHzJJNO2mh6jqV75mqz5CDHlJVCSB1+laLSNUbYcUnRbVO5kKBuXPSlGIkEdYzSnk2XJcv+iLxYYwhsjwv7kdN8OM2y2m9VLQYCoX6hODBgflQHmrC11Rd3pbe1lhzc244doMZ/DpWd13xawm4UzpoVql4onc45JbSfYdetZ1+01LUSn/FrxYQTIaBwPpxRDFlnzkdX/vQOeLFxFGt17xXYOukruGEqISClpJVEDJxABJg1Vu+N2wz5YuLh0bAgAIgJGeM85JqoGj2rSPQjcqYE0d6yt2wlTwQiOEp5reODEuOyHqW+hq38ZlpsJbXchCVKUTHJIj8qZtfGJQFltaQtSShKiiCkE5Aj8PkaqlOoLIShpraDkgZoS7Rg7UtpSsnkcVfo432hf8AIka+xvNMvEtpWvyVmJXMiB0+v60vdaaLtLjtshHkZUpYUPTn8z/Ssm7pi94U2/sA4Bo1pqt7ppUlSlqbOFScGo9FrnGzRZYz4kjbWep3mjOMNvHzGWUhSRGCCB/T9T3prxOLd1xD2nbQXGkpeb4KFgckdj+tJ6Rq+m6vYq+2oH2ppuGjwJ7k9DOe3yoPijRn2721c014rLjG/CpgDGTOOPpxXPFVk54f9Gb5Ep42u0F0m4XZpuJYccuVhCbdKco/1z2NS1HVmnNIsLNw/wAdveVHtuUIT9JV9IrPWV7e276EXe5P+oGIHetVfeH7ZrR7q7dvG2VtNtuhqAVrC+CPwP0NOcVGaciUt+NxiA0l5aTt6cHPIq/sAlwgE9ZIql8O6Rdau6UWSRuQJO/p2xTiGbqwvUN3SVtuE9OvypuSbryeDPDNLdXBpSwEgqQYngRQHt5CEoVtM8kjtyM1C1ulhAKlq2E/MzRrh1kJMoSFiQQnvPvSqjJB2kzuU5BV044qS0pCwVYMxIpZu4baj1KIV6YPSmfMbUoqTJHGBUtDsEtwhakMjcOCTiDST5UgpMGJmeo7/rTbgMFUpQlfU/1oDnkuJI3SsDAPFICDd+sJG+Ck+/H1oyL5slXpVuAwO9Lt2pUsF3aFEwATG72+VEbSUPKSkCCQIPQR3opAEufMLCFNoAUeROPxoHkmAXSZnE/36UQBalbASlMz7H+9duQsJxuKiJV2Pt+/ekKgBWpa1JEERzPWuBKStSZk8mk7bzGXVhJO0KzPH+9NhJcSCSDuHbiqqgFLhYYWQmD1g0oH3FnDYA4mrFxpIPqyO9LpeYaSfLO9RP3eK0ix+CCUrU2ragwfaoFlSIUQJ6/2ppLi3VAkpA6Y4qH2naowkKVxJERVWyTbveqABx16n86gkekAKM/Oir9JAzIMUNTgSs/yx7V2swoEq3B+8AZEURISgAZI9qmVgSlMQI+dDWVRCSJ6RWbKPPAKSQCQRBqMJSCVenaJJ9qmhqRKhyIJqN/tNk6yVBAWgkuGfQlIlSiewANZZJbYuRrhx+pNQ+Si1h13UdF1Zq2Wti5YMtlB/wCY2R94HrgKP0HeqfRHn9I028dS3cHTmlBvzXJKiuIIT8z0qWl391c69pX2Szfsmdo7JLrJJGQf5SYPzzXvHmsXdy5c6Gxd2trbWqg8lKR63Tj1e0EER71zW7p+T6D0MahSXCMxdLuLpxbqrS9XvaCXLl4kqSAMBI56Ct6+L91q2QX22pCVlYMhxOcj2MHn3qs0q5Xq1ut3zAyy0gFS14jH98UjqIZv73z3tQcOl2TO24eJgQM7B+X40Zpc7Y8E4oPL78sV9geqXC3nr67ubr7NorSjucA/5p/yonpNYzUL+819ItrVBsdITgNIwXPc96e1G5V4gdQ+62bfTGvTZ2fAj/MR3phlsW7WUjdHSqxxWNW+/wC3/pjqNTztiK2WnWunNhLQSHSOetFdaUttR428muoYcWS/cJUlAyJHNcduSshKUkIBlJ6fhV2277OVLyxFx4pQpCEwn/OR1pAhKVyqV9ZirB23edWCZAB++eKBcMNNqIWvzD+AraLSNEKqcJMJSB8k13yLj7wTtHUnFGS4ADtJTj+UcUvcPpAlQVEQCT+dWr8FIeZtnFJh9YSBBB5MUu+wFqKcudCCYojF4hWlulSgFoEAdTVdauoWVbhKuZB5pRT5sZF1i4syHrQKQsdjIrU6B4ocubN2ydUlt1SdvGQODt/E+n8KoUq2AJlaR1HahrZaWQ40qHRwpIgk0TipqpI1x5HE318wxf3YWyyo2qW0pefjhQwSB1Bx05NZ7xDryrq8YcRZ+WpllLKQsmTtEAn6AD6U9pF8/dWCrdSypIlS0A5UY7e+JHWu6j4cunlIee8pJvFBTXq4BzJPYjM/PtXNDbGVT8HXNSr2eRvQNRctNObW4+UJcJdSWzCypIgCQeMznqmg6l4n1C9vW33ylXltrbKjnKhiI6jmh/4r4ettL0+xZK1PblfaH1DCJxjHEj86qmGkvXAG7ZbrUQhRVgkCf7UlCLk5yQpPhRs1LGolSEHZBEZVyo96cbvRuG9O+OZ4ms6y+47oNjfvOp81xa2m0D/Kg5J7TIrzV0SkBcjMyTj8acY8HjanEozddGtZcDrgKoE5Han95DKm2SAsclQM1n7ElxpO0KMZ9Oaf091IecDp2pPO750mjmfyOoV5baELCjBnmaC9vMFCMA4Mce9FuAPSAoQBG6a6y8UOJSQOJk8VLXkR7ehx1MKMhQKhtmY4psIU4tbk8iBPbrSarq35HpPU4xRVXJbClrMp+70qaYBigNoKidqR24B+VLqfaK0+pJWB8p/eagm6W40tr78iBPWefwmgrZDIypRKfTMR2p7fkYNG1y4cWhZG7KQB0/tTCVp3LScEYIpe0SUwTlQ5SD06VNx5fnHB2TME4zToAV68UAGVQeAe9IAeon0iT1gCj36V+YV7d0jCRQ22twT5ma0SpDJJdTMhBJOJHH74rzikIWY24zzipANp+6EjNe8pO4lQJHY4imT5N69uJUviTzNLrBMknPMmrF1pSSsDIB4maXcSAlRHWuuSMaE7clSoKwR0FNJMKEAAE5NCQwUAGIPyzXiSkBJjdHAqGUNQVKATOfzqGrWztzo+oWbBSHbhlTO49AeaExuKhODHFV/jPXEMMItLVZVclIW8tsElABx0yMGYM1hlmo8NdnZpMM8k7i6oS1HRWv8AC7xWpX63btnT0J9EIVsaIwI9sA9aytz4V0s6Rbahb+e5dXMKQt9RlA54NBf1rWPEmpvs25t3rhbXlOOkbEpQMTA744rSG4tGdOB1UqZ+zqQhLCzJUdv3v/pP9azTniTbXZ6soepKMVLrsVNvbW9sNJtXC5qNzDSkpwE5klQ7CJ/CsnrK2tSvWvDumY0mwXNy4P8A47vz7c1oPEd4jSNMudStEf8AvDUh9lsk9UoPK/mefwql8O2jGlWmwqBeCZUTmVHrWMOE5/7f/n9x6rLsW1dv+xLxAWk3DbSUpT5bYAA6UvbAEpcuTCZj3VRGbb7U8664oFKcqM/lXSVuHzFEIbTjP9BVqlHaeZd8izql3Lm0zHAA4j3rylMsLgIDzgwf8o/eaP5Snn5QjymOijjd715ssNqPlNecv/Orj8Krcuh0xRYubyCkK2/6fSKCrTkCfMfSgjpyauIdcSUuupaQBIB6fh+80k5btlUquJPsiRTjkfS4NIlepi3SAAVuq6yqB+ApZ+2C07SlASDI2ySfxq2Ng0of/wASdwzGwDFJXVqlJKC4tBI5UmJn5VrCab7NCkR5JdKHAojg04xatsPy0UKCuiqPc6O8y0hW3nlc4PyojVq2hoFx4boBiJrRzTVpjRFaGFgylIzggxXV2luoSh0g9ASK8li2WSQXSTnpFeLbalhKUun6TU39yqFnEXVk8i4tVhSk59J59q17Jc1mysFWRSgOL+zhtRw2tXI5wDM/M1mF2xn07hHUpindAfXZaiGLqDZXZDbpidp6K+lRkW5bl2jowT52Poh4p8Pf4atLalIcUk7FQIHePmJ/MU81ZOlo2ydqEst7UJXid5gnPzrRf8P3F6w/vWlblu/ueW4qd/p9J9hhWesVidVXcJ1Z37U8vcpY3pSYEDoO1KEnkW2+ipJY25NdjrlsLZZYmS3EgGQCRMD6VFlsOKACgI71Za3cfY7W1TZ2+4ABT5wcnE/p+NVlu26lDalkyobo61UG5K2cOqxLG+GaTSUAkAqVlJwn9KsWbXcuFkpHJTP6YqhsHSRCSCe1aFp2WSEtepUHcCevNS0ec+zwcAEblAAkbVc0ylkPNb96t3ABFCbSouKKt+0nAjpR7cFTJVjkwJgfOpkiWVhUUrKEknngc0ytSw4FDKgASDjIod2hClKKlbj7HMfpNSgOFYSvadvXPNHgdhGFvO3SlrQQQOJOKjehZAUSXCoQQDMn+lTSoLSoTIBhTiFRnNIuKU0nYfu7p3e3eiguwj6HFrSfUhwEiIgiibgUlwGEmEn/AHoCVIC8lKyfTIJ/Su3BSiEzKY4nmnQwb76kLicTMzUQ8CPL3SVYgUFYIlRBhXBipottwBmI6VaQwq0+UsHKojAggUNtRddCDt4nGI9s124SSUqHqIEFQ5muoTKgQv1DM5mnQj6k6SEwFgT3HH75pZDXpgLJI4J6+804sIBcMggmQM5pZBG0DB7YxXSzF9kSFKEEiI5qBSlByBjp1ryJUpangAkDgd6DfahZ2SUF8J3LWEJIGATjcew5rOTpWy4Rc2orskHm0OELcA+fSazuoseQi4uRboedcuW2g4gSo7vSEgHrGcHv9KzxAhDtzqjgbXcXXmtptBuKU7VA5+nai6lfXDbdvpV0tNu+WUhDvUKEmUDvEifeuOcnkpUe3psC0zc5PijrOhWWnvuXdncq+1B9xlyfuQDkD2BIz8qq7w2tzro0pkfaLl5wJU5JISkZUQeogT9asdHsLG2sL9Kbgt2bLIcWHiVlaxjcnrOTMe1KHUbez8M6tr1jbNMOeSLG2cSIJcXO4j5ARUScr291/fxZvh2uLyLzzz8Gc1C/Vrvie4vhA0+yH2W0SownGCak5hpa9yCVGMK4oFnYix0i1bKDv2+o+55oUlJHpMc1rtT4XSPGnqN+RybLFrykNIZKl7VnetQx9KYLVuZW8lSRA8tIJx/eg6Rb/anPWRAzBPWtY2w21aBxvY4QqCY5iuTNk9N0b44rIrKBp2xUkm5afLhAAXPpgf6Yp9Fkl1tLtq4HGhhRSgKKR8qr9Rv13V1uYRCEnalI6/QU9auHTrfdcuKTcLEbScJEdu9ZzUqTXfwWq5K1LgbeCEBt1KsQExH4ivKXDhU5aNgD/Pjv2oj7lxcvNOreLaCYAnrTSmnWyCwsvDB3nFW2l2CTE3LNlR3PMranEokjjsRWYviWrxTNqVOomCYI/I1tbhH8FanrtwrOdqTP51Upsri8bUxZKHmOGSVjgfPrWmDLXY4wcnS7KG/1F46c1alhSVoVJJg4oGnvNO+l1t1SwPSEjn51o73wFr9vbtvFSHN4JgD7tUzjTlvKbtK1KSCkwYg/Ouxbdvt8gpLc4+UStFvJCgi1SFGTJEnHea9cG7Pqct1HEYTH6UvbtJUoeQ6pBj7rioHtml7ovHai480onCh0+XeltuRoPW4uFhQbZKY5MRSV2spSpClKcJz6RUrO8utMWHG3C8xgwoyCOxpfVAFITd2x/hOH1AfyntVRTUueh+DX6BfXmraaHGgoPNj7PcDACkY2Ek8ZHNB1zw07bEv6veNskO+vqQOvz4/EGqfwFfH/ABB/TXl/wLxBTzwocEVda79r1AOKKlulbyQ4TwCAeO/J/wCqsWpQyOK4R2tqcFJ8/wD0qtev0XC9QtdNumzpzjoU2kg7lBEgZI6gyR8qstCbY1W4Uzd3KrdYRLadk7lAHE/SqbQdCurjU1bLdxxCFEKKR0g5muXV85bl9obAlTpXI5mCOfxrZx42QZzuMZ1PIh60uQ3dqaUvcUkiRWwtLhshABTugcnn3r5nZXTgfXuA/irSoqjOBgD2rUsXMBMHcI/CqlE8vUY1GXtNkVBKUwStI6JOYimk+XCikkA5knAx86zTV2rySkE9asLZ9a7JOZUjAM81m48HKRuQ2dyErTumAB3pXbtIS0YKhEkTQL5wqdUXInjAoTTrg3BE7kgGCKe3gvbwOhJSUJ3o9wDH6nNcvHVyAqOIwB/Slt6XCF8FUxng1EoD20GSOsD7o/cUkhLsnbpKiDO2DM8V19SyCkJgqPPeiKd8whtBhMwPlULpQRclJWrYmE4ORVJcjBE7UmcJJjjAP9a4XiZ2rAJ5kTQwQHFEjBEg9a82T6ik+o9PrVpFDiVNeWFIxHM0JagXEqP3Ovc0uXigrKjEngiYrjLzi85VE806Jo+xlpOQZMH8B2oHEiCqRG6Yozw2JO8Zjg4x1qIVxt2pUoyev7FdDS7ML5oHjasKmAJMDrWH1Jp4andbVlTdzClqX91KQOB7z+lbS4KCpKSqB/MJxWf1618/T7gIKi95Sm0JSnBURE/r+Nc2Zbo+069HlWLKnLoU0DxDo+oXtvaPrfKY2tveVKVmfYZzwYP6VhdevGH/ABI+u6vlKvUO7Wt6vQkTHPaKvrTQLm8sWiWkWYas026SkwStJ5HaY/Eisi/4cP8AiibFhC3bpxYbWVmTM9/xrDHGKk+ej2pzuCpXZorpTVvo7LuoLQ435qkmBhRmMfgc1HWdMdurDw9pKHSltW/VHGiON0BAj5frT/iTTbZN/bac8CLgoQhtBwAMJTgfU/WoX7jr3jXViyYatG2rJv2CEgY/Csd/7y/P+/zFqU8eF1+CH2VTbaUuCEoEGc59qabtrR5xtPlK5+8Oa6W1OJ2LUUFXJJkiiWVg7bKJRcF4FMEdq5pyvzyeTgTguUFFha2TyvLIW4rAjED3qtuHzbKW0lQG4+narvVo00ovAbQpeMKOfpS+o2O67C3MLT91PfHas4tXUnZ0OVL2lbbWXl+Y+pRLLIlKTwpZ4FdtLdTzgcuQty5WqQOYq6vrZDFmzYNhZfMOqIHCjQbdJbGxtZIn1vdT3AH45qvVclY0q4FlW4ZkupL75ghvoOue3FBcdXsKn3zsJ/5SOgH5fnTd+6kqIbISjqls5V8zVc8tBZKUtARPXP8A3oim+w3I6q7SUbWmAn3IJzSr79yEJLYUlQMpVMRTLVg6q2UQh4gQSTx70E6Y4WdyEmP1rRbEyrsLquq3N800GL24dARDqPMIz2qkWFncSFIiAQc/jTdzpd0QmFBKhwOvNKItrry1FR9A4UDmt4bUuGV9yDyLdyWykJUP5k/2pJbTluFFpQeZjKef+1HuftKE9SY/mGaSZeM4K0L79K3gnRXBHadqnLfKQPU2eR/cVFvaGnWwR5D/AKVJ/wAp6GmhBSknal0cKRwr59qHdsLKC82kJKCN6P6/Kr3eGFFEFOWV2haCQ4ysKEHse9fULrWVsWChbtIUL0oukkpxJTBH0ISfmK+famhKkNPNp9K/vfOtz4aca/w3R7i8G5pl1do5PASoGD+c/Spz01GVHTg6cTKX/inVbW6WLZSre2c+4EjO0THPsqKq7q+TqDVmkMeS2hKUKEckdfqc1pPErQ167ZFlbtspaBUqIAAmR9IgfSlrjRlBplu3W24paN6Ck4iTmfoa0i4JJ1TIam212hWwt0uqv/JA+zWyEkOKnBJAj35imrd1aEemSfaupurb/CvJYTtIhJ2nGKjZjAGDPbiqfk4M09/iqL3S3VPBKdvE5M4q8bcS22sF2C2T6SOcxVNpjRSyp2QgTAVMHjp+NWdu4lppaydu/E53GMkD69ag4G/gb8m4uUgJ2iJ5UAc89aitH2cjetCEqH3keqfqKr1XjjqwVhTgmSFKOfnRWb3zXFN3CR5ahjMx9aTTGrJPtlbiktJ9DRknbnn8q69alCVbTj3xRSDsKAgLmASDgxwqpOytfkhEnk9ie0n94qUQ3yU5QoGEnIM4zUZWt3eqY4BpxsIlRUIBM9sfWgoY2BSws7OBP41qja7PLSgpSlEg9SRNQd9BISAok9wMV6fUUkRIwJkzRGRvVlJOSTmqSFYFTTKmiVq9aenEGuBgpQFhICFd/wBYqD6gok49R+dHZWUsHduO0EDEAdP61QH1u5UHIEQI4PYdKkgFSkkgkDqo151IUCJxwEnFc80Nolw7YxBMZ54ro4Zyvh8gNSRMlo5mOk/34IqvaZU64hlsKUtaoAiKdNz50pTMc5yDS7t09YIcvLfywtpByrOIM1lkVJtF4kpzSb4bMJ471l22YuNNabU260sAvtySI6Ur4Vdv9V1awuHWEotLm4aYTcKVDitogkjtgfh70O90m4t9LdRqDwVfXxDvkNSV7Tkbo7z2rd+C/s7llpjYZUEsoIQCD6FpGTHHQ571wXFQbfZ9E1KEoxguP8CDlgwv4lWBu1LedXdNAb1TtRG76AYrO6M59quNUvSVEPXrjnzzV/prV2rxU9rl88ku+RcbWkmCkpbPz7Z9yapPCDbf+DILiSC44snryTmuNv2d3X+/4K1trF+WWCEm6WVuK9QOAYwPnTzDe0Q2VbVGTAwfrULNjy1iUhxOfUP5R3P61bWzACgpoJWpP3s8iuTJKjzIoRcZDawtZBCU7gesewqnuF7rtg+ZCN0ETwJ/71foUX7ncsE4KSk9PpWb1HRb16+fFuvahRlPOB2/Onjq/c6HzVpWNuXaR57yhl8wgjmPnVWXSv0tnYlP8sYNS/wrULV9pu7KVCIbhU/3q+sdKS0pC3EhSwMk55mI/L8q0bhjVp2Ut0uGqKq0slqG5xJSkjjk/OnBYN220FtK1D/OJkz7VoXbRKPLSpTICz6ZMdP+1JMJfui4LMOlkKypStqAevv/AHj2rD1XPktQ28HAStrZ5aktkYkgT7d/+1EsXGmkIQ4hBQRITmOTkH6dqubTQ7hmyDzy/OGB/EVtQEnsOSOOTTln4d+1gh+4aQkTDbLScDI5yZq46ac2o12NZFHmrMlrC7Ja3nEjc5tEBDhMfUVlCLdVupQUpW4yAofuK+laP4XUvT0otrhbQUCnY6ylUwes5qr1TwktB2NNIT9nSVFy3kKKuwHH0xW0cEsa+w1mUvB85vbV0krSPSkdMgD9mk7jTkKK1BEEdU/2rU3tneNafcshwuoUsGB6VIVP8w6fPiqll9C9qXFuQoBJmBtnrW0Mk0jVU+UZR1hbThWkHaO2KPb3yFgJfGRICu47Gr12zU60tTcKHBMYA74wfnWe1O2LSilSSW5g9VJ+tdcJxycMKaI3ht27RaAtIlW5H9quvD9wbjwtqoMKDS2nUg5znI/6Y+tUxsNMUwVo3qP+vBq98JWzS0aiy0mErs1K/wCkg1Umtprivd/BjXioaSzpl19jfUm8UQqRI3JnqR/6fzrP+CywbpKXkulKQSdo3QmIiKtbnQ13WmtX18ot2ymhBT95QnaOnsr6Cl7LUNKsdJR/g4Wu73BVwtznZ0Qnpzn5UL/r2rkp3vUnwivvvsj98tmztw0Er2pQAcJHJyZ/Gj2LyrNxaUpSsEfzCltK3fbH3fLHmLO1IA6nk0S9bftbzy307HOYPIBrav3Tzs9yk+ODQaXqbqQUuhDyeiFp9I+nFNPOF1zco5Uf5elV+nJYctlHeUvCIT39zVkpQbUg/eQBJJEQaEkcD7PIZWN25tI+Z9+9HQ0FbsBKfwpdy6SrCRjnHWvIuSWygd5zSpgW1uCbaNqB/LKuomlH1uKeSgBW3AngD2/2qTNwh1pG+VRKYOMe9LXVy42uApSJSUkDn9/7VCjyZrljN8l0W4CgoqA//wBY4696rSlZA/igwMJVgfL8qmbpWBbLUkJzg7d2eSKWubgKbTtRtXmVJODWsUVC+jjji/UlwBSuRI4HFMpf3MncAAegM44/rSim1OMNrlRaAJnr7ipKITbJW215YVyZM+1WkWTeQVuJhQGJmvNqBWIP0jg0BpYcVBVkDGMVDzhuO30jAIFOgPtF4PKbO8jeFGdpwPb3qsd/ioSSIVyMfpTWouNoSpIACiZmOtIOLI8vcYJxg8VtGDijknO2Qc3pQkjcDjHUf0quv9X+yX7FgbdbrriS66SfS0jufp+tPqc2uKSvJ6EZ/CsXqdx9vJXb7k3q0qZdaEzyfyACcewrHM6qjt0GCOaT3+C81X/CrzyrnSkbbp9W22d3klawPvZGEprvhnSrnSdWtGW9VefCT5j5XtKFJJUFADp/zFGq29QRodpb6Havi6bT67xww00kST8jPP4VzwnfXVxqqGHSlK9iULdB9O1U7SY7kCuFpbJI9uW/1IV0OWFw054s8QONPOrYZsbpTIKcEkAFQ+ea94Ot1Dw/brCStJSSQE+54NP6Y+Gta1PTCwFP/YLgKUMyDlI9sTI96T8NXJt9DtUuD0FEbknI4/T+tcc/dGkvj/Ia1fs1+WWjFsAEkBahMA4GKdbZ8kI2qUjcNxSocip2+5NyylDm9pSZg9UCZNEcAubMONthKm5KiFbYTExgZ4/WuSSs85I4LQDcUBO0kjJgjpzxVFf3KrXVFlu4UkETt2b4rVWX8dtasfwwmVzgGJx74596yniBChqraELKgtaYE8Z4pQjbpmj9sbQS1ZfaYF3ctr2qV94qO6Pf8aKm/C3drKPNcCsmekHrU9efuLO2Fu+JQ8QlJUYNVdo6XVKW395UAoPUnHNDha3Me7mkaC001d3epW4taUtbt2QSZ6DjnpzWs0+2LFs1Nuy2Un0o4TtnPzNB0XTXLcJCWypTIMlQHqWoZMz0GBV7bGXkocbLboAmcj6V1YdM0k5dlKSfAxdMt3Fk625scbUmNpOB+FI6aAy2pKt22ME81YOoLZWpCQEEcEYHf+9LuqJ8sgpCM5PM16bS3KRj4OBwNhJUoJcExuzHtQEr8q3uXVFCVrkqPb60HUSpbJWACBOI4+tVrQuXvNRC9pGQOs/0qcklFWuSU7dFO7p796t65bcKClsllxEHcruoxke1Ynxb4cds7ZN6ywGnYl9pJPp/1D2r6tahy2tFhuVEj7sGB7dqpPFdu+dPt7t9KVlncSlAwUH7w78Vgoe1PyUpvHLg+KC4dtXittZLRBlMcZ6flRrWzd1RZ8hWxBTKiev0pjxBpS9O1RbQUfs60JdaPQpVkCkbO+ubZfkMplKshUQR7UV/+ezstNbkUl00q0ui0/8A8wYkmQa1fggpF65uICVWrqcf/TWX1xP/AJhKl7pIjNaTwC2HdWYQo7UeU6Jif/hnpXRJXFDxS9yIKZ1BehsoSt5dsUrCUx6SEhcn6Sr5VjtEsHLy8S0iUK8wISsyIJOD8q3o1W4RaN2Vu3uSnzm9yU5IUoyB9CofWs/pPjF5P260ebt7ZF05sW7n0pUUpx2jJ/GnjlOnSKnGLatlfZjyReBSlQlQShXB3d+aPrmrDVNXNwCVSlIVP8oAAFD1lTVxrC7TS21ONIGCDMwIOeoxVam0WgNupQdqjB7Y/wC1axSfufZE+nHwaOzdKVbh6RGczWi0xIuIUtQCU8g8Gse0sp5+7HFanSITbblxnoDTPHyquR+58hW0eUgIQkiQI/3rjHlhoJ2IQlQwpJmfrS21Y81SVjYqQomI57UY2zqW0BtSCSkHbMk4oozIIbUEiII/lxUHUhaAFRgwJqWWljzJC0gqjbAyf1ry3koG55MgkkAHMGhoTBhtCEklA2kxt96C5tb3IbSkwTJJ4+tFLiFEFKgtJH8yeD8qWedSjcAglIiSe9WkNHmAvaULwykxs71N4biEyI57ULzFNA7ZiYSKF5pccI3CegjnuKpIr7nVLCGynkgyAK40kKZkiDnk1JYhachU9DFeSFEhRJHtVUK+D66+EuJkq3CTEZqsdcBeSkLBGTMY+tNeaPNQpketI3EKz+I6UB0JaeMpE5kZEGemPatpJ+DibXkXU7tKdiQ6oIlMgZA4Py/vWSOonSbNlhJQdb1JZZW4qCi1QoSSPeIj3+Vapy3Sp1JaMEHIHB/CqXxV4ea1RpAtgpq7U5yDgHgkDpMD8K5s2PcehoNSsLal5MwnxO9aeBrnRmWH7k3iyphS1bkoSCQZJzM57Zql8BWiU+J7E3brqilYWv1kARx+BNfQRp1j4f0Rr7ZDtqzLKQRKpMyr3IkZx2FUdlcaZpHiUssXCi+4lshaUyE+YMSRwRIP0rm3VuSR7aqahNPg1Gk+RYeKFOFU3V1b3CXQtcqJUypQmfpSvh0pc0a3UQlQSVJUBzhRGYNeatEXXjbTtQcd2I85LaknCQCSg/U5ND8PoeZN3YJBS4w+4FBWOTPT94rz5L78l6tXh66Zpk+Yvy3wShQAQCnG4cjgxTul26X7ErS66CehP079opLTVKdKg6hIWVelA/eckVYsrUGlJK0nOUjA9xXNJcnnRqywtEhT7mUqORCU4Pz/ALVnNXbQu9bWSkJ3Ar3dp4/Pj+1XiVFDyNilbQmEz1FZ7V7hR1SC2PMiTOJ+n1rNIMj9oTWmfN+zFbYcjISk/d5BT1ovhSwad1fc64QhmXCiIAjv++lA1AuKbbLRAdTkBY9PFaPw39kasElQbTcqt1BxxK/fgp/qK3w4nknXgyWSuy+YNx/DBbIkSVgiD/WrNpAITvicRniutoVKSryzgR7VxzIkHI5zNezHCoorexh9PpUE7TPaq9xzyEICoweKa86UhMjPFVV8lLhhSyDng8d8UZI0riCl8ng6FIKSAQM8c1U3mt29oJeWAiYJJjPTPX/aoXzZcQpHnbERuyYmK+ZfEpZ3Mtl2Spcfe94kdun4VyVOTUXwJyp8H2Nl0eWVK3KbIGZgR+5ql8T3zjSWCwgKHCklRgg4qw0xCUWdolJKpbAG6CZiktft3dyRvZCkx1kCt/Sbxppmc8v2Mf8AENtv/hPTLxAQFW6127hzgcivl1ldFd36RuwY9vnW/wDHmpuP6Rc2K0s+U26hwAAgkxBzXzhFwpp1hSEoSlTgHpSeI7nmq9K+TbBm9lHdZSt4pKskcYrT+CyLd1RSlRcTbPKJBjGwiKzOqH+KkDgGa1nhB5LFnqT+yQmzUjdMAFRAqX0jrx9oDp+tsWthbqetgp9tp7bIEHcFQO/8xg9IrDWOlvXjjzt20tu3BlatvHUD51vLpOn6VoVpcNPoXeus7oV60oWlQBJB4MEgfWsRp2s3ri/KfUHGlncoQAQcZH4CqxppNxNMlNpSLbw/cp0+6fNo2k3hb8tsqghgSDuM/eVGI9/pSrzZZtLezQCUtKKlLI++T+z+NRcuXG7xtx1CUSgIKRyTgSc+1Su3Fl0AOFQ5J4itFFdnJmyTUtvgK3bktgSOOtXekslpEu71DkBPyqrsCpO1Q9UdIq9sX1oCNwKQFSZjjr1ppHn5JPo8wsvbllEIT92P3mvLCtxCTMcVFlTbzhQoKJSondMYrqHS2lSVKClAxzmqozJlZLSk7pTMCfbAqCGAtO5awCYietePsU5yQAYn2ryHQ2hW8CBiR0HFFEyfBFaChBTjHATFLLebG5Kpz/LR0uKRO0S2eqhB/GlnSkKUpu3WADMzM/IVaQ4vwDeBR0PlmCmYzjrUEBW0lPPPauXDhcQpKELAIBEiBQA4RKW4So9Tx+FVRqlaGQotq3KSQvgTzU1pISkoBJ7CkXUrX95QziTRFOL3bW/QE4GOaKFR9juHBBUCEqJKSrv70q+ICt7kpHIT1/cUF1t0KQNyciJiBXFLcG3YApfAng4610M86+RVpR3Sgbcz0iIFT8/zAESPTncMAfOuqt97SggJQsDIWMe+f71ANDYSpokA7SBzHy+v51DRUTI/EFF05ribc7w0htO1ttyZJ5kTGeeKrvDFo0bB9Tuzep8b9ypMSB05P+9Weq6bcM6i5qBZFw22wvyySSVLiE7vYdv70hYXt5pbNu9fWCXWGXAlLX3C8VJ3FJPYYM+9cHujxI+lThmjcHwjV+LmnXG2jp2HWYDyt2JHAAEdifr8yWHHEf8AE9zuA2Xjbd23Ej74Cj04hQqv0O5ur7w7dPvoQLpKi8lITMpggAd+TjHPWoW3nHTNMubhJQu1cXYOIVO4DcVI68QsAeya8+catPx/k75L1MckvKv+XJqWTBDrfXqOn9uPyppBDiEtIHrnKo69f60hYwFJJSc59QxHaastPLa3iASDiJiuWTo8dWmPkhlKFLSVDoonvWZ11JVfbgEiSASTM/L3rRXG5J8t4eaSPSopGPxrOaqANR3JkQcA4mo8lT5C3SilLe0kFQjd2/Gtf4WVbXVvbNkqbfQ3/kwoZ68isfqCWwpoqBCIn73tVr4YuSm8YUlTm1XpA256116NqOSzlk6o+iL8xCVeYsHkD5UOCIJIIJ6CaXVcpU5tJOOB71JL6SJUYnpXZ6yurOv0+Lo6+CRkbh0AxVe+lXmrhCiT1SII/KrJpSFydxxxHSlNWum7SyfcIkISVGpnNpXYlBPg+feLvFDelqFq20p1zG8HgfP3r5nrF+5qNx5zyQmMBI6Uzql6by9uHnCB5itxHaqd1UkkEjpNa41XL7MUj6D4d+ID1raNM36PNS0ISscnpBBq9t9bTrN/vZC9islXAAAivj3meUsAEbgf6Vtfhxdl3VnWwVEeUZx0ocNvKM8sbQP4jXjIU82DykSUcn8a+es3AdfZTtMJcCsqk9a2PxNLCLl0JTKyBB3dKw2mbRcNlX+bvxj/AHrou42Xp41EtdVJlBP3j71rNFT9n8D3S1Ep+23KWAsdAB/ufwrKap6gFCBt7ZmtdfJUrQND0hlClPlpVwtCZB9SiQfoBWKXtbO/Hy0KeJ/Cq7XT1shYF0FBCRIG+YyMzEkiD2rP6bprujXNjc3jjabl2Tbp3SInbuV2EyBVf4yf1Bm/ty9cO7Fq+0NqKzuzEKnHYVWuvO3bIFwp0rQJStRMlPb6fpVQhLby+GXKUd/XKLNb717qD9u2gGAQVgykd1fM0w8pKHtqRI/Wu+G2JtlNsDcuC4tRjgTn5RQAoF8hY3AHr1rSl4OLK5Sl7lwXunbFrUcpSBAIz0/pVk95YPl+ojaCSCIE5/SKqLB5KJUhtHq7/wButWAcQ+iGxtciAjdEnrTSOCSdk2nAhSolSlGEqGB9agFyS4IBJhMJoC1l0BW0BMCOeK8FAqXMA4JAFVQUEecjKTB/SvJUDCXPU2T2pYyU4GTUkkgE7UmcA0CcbGgtAKgkK2xwTS6nBtIKTtScCTx+zXUPIbG0iDzHahOAGdxCkrzANNERVPkG64TKW1gwJjvQlTvREekEAmogAOHBHYDvQ1rG4kEgcTVHQl8BwsFBlW5VQCiFKzHWT2oAysKTBVwYGa4HFhPqgT3zTHtPsl0pBaIKiDtIInrQW1wyFGW8zKhk/vFK3bid+1Tay4TyR0oTjSw8XUKGzJgAz+FaKcn4PNcEh8vqMJ9EqGSTgzQnC6RtKleWZG3Ix8xPb86JZOIetyoCVwTsKSOOf6UTfvd2Jbg9SO1A1wZu6vn2ndXZhBsrNmQg8uKmIBHIJPNduNM1K90GzutiHGG2lvukq9ZeWZUoD2EfjVdem71vU3Ui0ShbQ8txYVAUkAAGe/069a0tjZrec0rTF6kxZP2zgWGFPJhQVyNxHqmMgCeeRXm5JuT+59ThwQUKS4Yj4G1JtWnfY0q23SFqABSSCMKHy+6fw96gsMvazeaY6ShV2yVtEc+c3JSfmpJUPmawF/f3I8QX9vaPNMyfIJZghQnP1wPwr6g7ZXTml29+wwhu5ZQhxNxPVCQU5zxEke8d65c0Envfk68E6W1fujuiS7pzDu5JP86Y4if71b2p3EKKAEiR6z0+Rqm0i7tbh3cyCqzvUec02kCEKyFo74M/rV8G2y1uCV8EjGK893bTOHU4ViyVHrtfg6lslanCd8ekg8CqfWWGnLlBytzAmcjsDWjtrZLrO9xSoVB6RIx2qmv0W6dYAS64VgcDg+35VEuFZm4Wiv1O1cFu2VxsIwZ60XQ1qbFrmNgkQY4PvTOr3DKAyghQUREBcR74zVZo9ywi9tv4LawklIlRUOtdWmb3HFqFtS/J9FbBcxMFQ6ZqSkLgzkD2payuFKQI9BJn08RTrKlFUKUoAdZJ/Zqowi5Hfu9pF0vBtSW/vRyrrWL8e6i/a6YpqT5jvp+nzr6G0UeXkjJ61jfiaLYeHHXVoCnkLSGyc8np9K6ZwXDMJN06PiF35g3EAAEwYOZpQIUApKs4xFMX1yvzcpGODER+5pdxxRG3eIxuAGJrqV0ZpOhZ4GUz3gCM1qfAd39k1kjyzvdaKATMx7VlFEJASE7V9TMSP0pvQ3FHVbY79vq2zPM4/rVNWhTTcRn4iPh/VFKQlRCQJKhWY0qftKZnYVAGtT8RQlFy0EElW3JKcR2rM6WT5qZAI3gxVr9JWL9Jofsjl1qFuyhJ2kg57e9XTuo3R1y6ubRttwMtfZ5UmAE4Txzn+p7UswpTduu4UoICUwMERj2o9v4h03SbO3Zbb3OeU4u4PlyFFYIic5CSCPr2rCTdbUjs09fqboo0J0jxPqDDN1flm4trc+c65ACigmAmTB9MdjzVE82wDdNslamWoSHTgq7x7HNUrKHnnXXLdBCjJHGB2P0qwAu9Tu0BQSlBTJS2JSnpntxxW6ht88BuUvHIVvVksrSN5bQ22ptKEDoo5n9KLbvLc9SkbAcwRwOlJnS5Sw4hUJcUACYjIkU8hKUIQEcbcknnuafHgyydcllZOADAnFWTMrUnbPPJMQKprIjzUAJ9M+4q9VhSTtTHWqR5+VUzy3F7lbgBPEjiopCZUSsz1IETXVkKWkDaB1AHFDcECeelMg8pX3QFenqSKkpYUhIGIoI+9Ax8j0rio2ghf0igKG229wkISrsCYoNw6EqVtKh1gjrQkvFBImcdqi6tbpCckDPECmJQd8nEkqG4SlR/cmgrSUH1Ttj+U/0oriMDdIA4xQ1FKR6ikRnJpmsSCEbRKlyDnaKi6d25KiocQSK9v3BQMCTioyBn045BPNM0SPtJs0gAqebgdCf060dLFshC1PvBKxgISn5zmf3PzpPyw25Ktyo757+896DcqDKSDtUAPSFCP3z71s3R5FW+htryd6WbcOLMBW9PomMdfkMV4XLLO7ZbEiMLUskmD7fWo2LI88qSUjcDCScpxkc/3+dEeZQhChCioR93iOtIdCTl1a277Tt020xZsBdwvZjevgE94H9axq7uzu7IO3zs6ipxbjgPLYUU7FCOwxHQCt5cselVu4hCkqAG1SMEY7ziJ/ClNT0iyW2hy3ShKyEpKgmSpPQd64Z6ZJ7ons4fqTUFGaswb/w/lb/+HO+YmQd+4Z+X14/vitLo/iG3Qhekv3YugpOxbYEBZAH3RHXj+mKS8VIudE060ZtkBuT5q1IOFggEBcmIGcdzWGtlT5eovu+U69cqUXOAkk/pWOx5I1JnqKaxtSS7Pp1kphl46ZZlLW8+daz6YcA9SQcYUMjuQO9ai0ulXFs2sCCRtUk9D1rLa2u11Bu3W+68L1pRX56MHeJ2RHAIG7FP6LqS724Qq2IU/IFy3AhKj/OPYj8DIry8sP3v5nbkxrNDb5XX+Uatt3zEOgqCYkhM/nWdvwljWG3CSopAMnp7d60CbdLL3pO5e2I7/Oq66tkq1UESHEQSSRtTzXNkai+Tz4wsXv7hLl00gNwSnK0gT3/DiqTR/KGqstoSVuJdIAkJB/eKvdVdbtVtKKiUGIIEGeMkT+H+9ZTTLzytUSncj/nkpXE4J9/6e9dmlVybPO1Ufb/E+sWakoSlOwJSkwU9B+NMXDpQkJSZSeQmhaY1ut0KIBKgFCTmT8/avXoe37WIJUORg45ECul4pVZtGaSCsrWWhIS2QJlRgVQeM7Man4feRPrR/FR3JAOKsEOHbuWndIiDkj61WapcLWnyUIBBB3RVPHJIznljR8Nvp80+khM9Rmky7tURtkHkgmtB4ltEp1FQUCAZPc1nHSAZBOOK64q0TGSYJ8pUjcZ3cQTRbJwNXtq6kfccQrjsRQ/JLryUmcmIitVqlmlvSWLS2ZS0JCluRkx1qnxwNyS4AfEEJN04VypW0BJmfx/OszoNqbi6SjacEKUR0H7/AFqx8YX79w60HfWtSEiQPvHrj8Ka0lkaPZFThH2padyvbsKf6Y8ixpuKiu2WnmMXOoMWtysNWaZcdI6JiQOesAVUeKtYsbRdk1b2ba1PNE3CRgg7jEe22PzqxXatr059h9wuXTrX2hQAkqVP3PoJJPsa+cvWl4q8cU+hchUFRyB9axxxU5Wzvf7OCjE0Fvpy9StlPWHloZabLr8kJSkjkEdenHeqzSUqUl0LV/CcICgBgwe9GNmq00p1RuHEB5Q/gIWYd7KxggZ54pSweLbCm9gG0wO471vHyZ5eIquGXV8/9qFoyhtLTFs0G0oSJlQiVH3NQFqIO0GTwahagqUAEgk456VapalsKEckbSQCPnQl8HLkyNvlgrBjY4JIJHvxT6lDAIEHqTUWkJSoztJOPair3IEPp9J4MVS4OaXLIb9p4QFdxmhnIUZOyJPzroSSBJWEjqTg9orqlJSMflTsK+BckzkkfSukSkzJFdKAAqSVHnb2qAmcccEUFUFbaU4tKUQPnXSp1CtiUhRI9JI/E1NogJJUYAHIoKVS4SniME4oRnRPfBUopMDJkRNI3EKIWoA5nAj8KZW6rIkkUBTmcgwPwp2aY41yCOSodD0PFA2IDo3CY6gHn60WAs+oSTxXlKEn0xAxNFmy4PuLrraVNbNqjBmADAzwOpNDeaLjfnrRAJ4IANTtNoeSowFpMEn8xRLh9DaE+a2U8gDeByJ+X7FbSao8uMX4EFs+QAEKxBJUDE/7daZsC+d6blRUM7cQTB5mphlawFISd3sOk1y2Q8wwD5iVJAgEJPqz1n60uPBSQK8V5ihsIBCiCTGBERJo7i2tiVH/AJiSD2AmJoSmlOrICIPUDOTQLxCy/MDcYnqCaRW3gyvjt/TkWCF3+9d+T5TLUnIn7yuyQPzrL6wm18230xpKFrISoqQNyUE5g9e3FfR9Q0621HY3eMoeUpO0qP0hP5CqhvR7HT9SN6yjaEhMEjcGzvT6o9s/jXFPG8acke3ptUs7WOS5ZQMa9c6hrtrYItm2rGzb8pLJwpSgBKjz1Ex26iasbN5ywdTqlosi8DuxbESkpySn3wI+fHFVWtWhs9YuNaabDTAuyGlKWRuAIgd8jM9qsNe1dvTLVbjyfsgdKQ22pMn1fejHTpwRNc84KSSS7PRxSfu38UfRdK1dnUblq5aWk2zwCUbvvIVGW1dlfr9aLrS0tXbSW1iV8mQRA718t0xxzT2W7uwPmKfSnzGYK0vdyPeZg9vrNrY6u7c3oK3FpSnC0qHqaV/qHX515ebTNPjo6PQWXmPEvj5/Be66pSrpICir1fnFUFmwk6mgBZKd2SAfarjWCVW7bxKFAmZHSq7RVhVy0pRKNyz6gJ/711afg8PVQqPKPpds9cM2oDiglGMnv+PvQV6grzEI2EKkje2rKp7HIPNQSottoKVAJWIBXkTEcT/SgBRS4VQEr4MDH6GK6pamKVI4PcRU+4kASpBVKIVyKqX3nStRUsieAQa09hpqb9Ppdaac3JSnckkFSjjiYpN3QXD5SkXLKiotpWmFAt70lQJxBwDwScdaN8nTIcGz5L4qld8VOcqkzNZ82ZLS3BlKc/Kvovirw4HbS91G0dacZtFNJX6VIKt85AI6QJ+dD/4RurawurZSmVXXmW7HlAkFK3UqVCu23aoK7Qe1dEZvamaxtIwelWzi71sIKedwBg/ka1+oWj79s0fUpQPpCE4J7Ef0pnQNBYZ1C3etLm11G3UvyVKZDifLWQSAdyUmCAog+xmK03idk2Sbm0s1b12jAuN6FSFS6lopR77lweODT3NsHGU5Uj5o/YotbkXd6UuPp9KG5PoUOScR+detQw+g3D6gpa1htprqon+aO3A+tXx8MDUr5tDGo2T6/tSGLltBWfLK3Et7juQJSFrCSUyJIjkE1+paHY6Z4sZRqt4gaYllBBLLskrK0pARtkEFBORBEZg1MrmejhxLEuXyYPXNZdt9VUmwdCA0uULTnjp7ir+1u7Zy2VqF1sWptAWtoDAcVvAiZgCB+P1oXiLQLHS71bdw4i4edthdoUzhACpgflRbHw05cqTaWms2K3CEG4t9jqFthakbSSU7VAKUkYMyeIki3FNcGkZOMnZlT9quSVQWhuJSVZgGmEsJSG2kGVJkqJxJPU/lV9qOgoc1jTtOsNRZuV3aN+9La0BHMBQOZ9PbrXvDWit6i5aKfumrdq4eVbpU4lSoUkIInaCc7x+Bq74ObJuT5ELVhRASUpCukdKug2222UtyHCBOMHvV254etRZfaGdSaeT55t20oaclxQCCTMYjf17Uzf8AhR1jULO1RfWy2n3HWlXBSpIb8ow4VAgHakSZEiAYzIoRyytmZ8zdBWdsnEDFecO4SpX1iav/APhxlNtdu3OosouLV77Mu38pyfMlYAmIg7DmoWmguXF5dW7ly0ym3fLTi1AkYS4sqAGYho/iKdi2mdyhJGPbMz8u1SQ5uUeM9K0Lvha5+1X9s2+wsWrCblK4UA6lTYcSkSAQooJMED7pFZ4oStIEELGZmgdHc5CsjnJ4qCjBJSo/KpheIIJPX9a6ACSDBMYmlYUcZkNqyJUOPbtUFhJSAFSYmAa84stQEqJESRR2kEsqKhkDCRyZosW0RckqUCocc0JSk7xMkHtRnNyXFEiQOhoGSuBHt707NEiDuFDbkjrUUlKletXyoqsJEgfQ0IAkH0kRg5oss+4AFKwmVbQOImZH60+u1DrAmCoGBP49q5ftAN+clKgVERJI3f2qbBShkqIUkkyc9OPx4rom+DghEg+kNKSlPskRgk/2oybdwOepe4EcJOfn/vQHHCpchKik4MdDOIP0pwuEkhPqgJOev7xmpTsNlCqykIKNoIPAxzjr8qWCU7gHJWAZKQcnr1pglvfPrGzp0PyNAypxYQOOxoY6APNLadWoo2ZwCMexrHX9qqxstTDiUKZuHJbS4sDaZEGO3I6flW0dQVreLiklasg9zOayvifTWBqtldbPSpQQpcq9PvAPtWOeNxtHf9OmoTcX5KrX0OX1oz5yUhTrUuOowG28SoTgYiImSfasX4ivrZ7UmVlx67CUqCvMM7Se3vWo159akhxwrVapfQFCI2pAMCO+fyqnVe6OxdptlKC2Agy40n7yp94I71yY3XuR7Ooju9rdFh4EvFm4cWxceW55am0MLgTKckT9f3FPv6Y4gIebS7b3Clb23Zyv5f6Yj2qHl6Ro+taLfLtXLywKFXB9RTu2iU/ITiDPB6Gg2+r3XijxUdU1F3ykug+Uyw2ChI4A4OYqZQc25xKjNQUYS7POX1+u0cS6pI8tUKDZ9BMYJ7TWw8B32nJsSL9QYeUvClHCp9/wqvdtbfTrFhq6uGLZi8d2pCpk8pJPX+WB8vrVStplq/fZsXF/ZoJ81YgK547gY/EVgmo3SLz4FmVZOT7daM21xZoUwd2SoGMwTSGo2qmnCUwZ6rr5dp2tXuntbrNaksYHHpVzgA4mjXPjO9cJRdsrSB/qiD+dJxU/FHmy+nNLiSZvrfU1sMONBzaHSAraog46VYnUrgBgEIdSypC20kk7NoAMZ6xn3Eivkr+s3C2pJfbCsnb1/KtvoHhzxff2iX7O3TZNng6g5Clj2SEyPrFaRTrgwejnBctHPEmu6izqbSbG3Q4TK/LLanN+5BTBE5gHHY/IVQDV720tG06hcW9s428y7AlbzhbC/vDdiQ4qZiQB7y5410Lxvo1kq8vLq0+yEhtarRzbG4gCZAPXpNYK0sftWpps3LlLrjhwpCsTPE9a3UqVDx6Nydtl074hKmVaXoto3Y2jywpwoUtS3jBCdylE4yYGBmpv+K7u3Z1RL6Glfb1hxbad25iVoXKDONxQjvISO00Txr4I1zwjpCdUvl2abJDqW1KYWpakhQIlQKRjpzMkVUaHpafGegLRaBNvqT179nbdeO0KKspEgExgzzEDvS57fR1QhBJqHY5ceInWLi31PRWLRD7lw07cBIUsrLboc8syswnehKjEHCc1mLrxTqjt42WrEIbDaUJAfeSrC1qkqC5IlZxMcYrc6D8DvGGmvOlV3pBbcQpKh561SSPdFY/xh4e1XwjqLNrqlt5bjiFOJWg+hYBzChg8ie0itounS5M5OMlu6Ba1eXmrWjTa7C2aFmw2wm4aUslSRMJMmCc5xQm/EVxZXIdZsLJq5WWi4shxSlhtaVAQVQAVISTAHAggSD9N0X4W+Ir3TNGdZXptrarSm5fUHi4p6YWjBb9OIByazXxJ8H6l4e1Fdxcaer/DwyG27lEFDrm7kwSUjb0McGpjkd0VJQ27rMl/xBc/8R22qm3bW+0BCFOuOJVzglSirrwCKZs9XLblmLe1ZZRbXBfQ2ncRuIQCCSZI9A98mrKy+H2rXfg13xO0qzGnhK1lKnFeadqik42xyO9XfhH4V65ruj2uqWj9gLZ0q2JdWoK9KikzCT1B61o5I4pXJitrrbjel/YQ16Q+p8KKlxuVsmQFAEegcjqabvfFt+5dOXKgz9tLa2k3A3bkIUvcQJPSVJB/yqI7RoH/AISeImWVure07ahBUoB5fAzj01RWXgzVL3wo7r7TtqLJAUVBSzvhJgwNsfnQpIy2yRXahrl3qXmKuEtFbimXHHQPUpbaFISeYk7pPc5ox8SvtPOvWttb277zi3FrbLkqUUrTOVGI8xRERk9cVSLQVbUdB1oC04JGScmJxTsSRol+NNTt3i7bBhp5VwLq4KASLlQAH8SSZH3jAgetXcRm1PeYuSnywTPpmB7Zk0BUhQIWTIqO6QYEHuaLLoMo/eUSSIxFQQ4VHJgd8zUQqUxtG7vNRbEOGBKiOOKAoOo7nUo3GYjjj2zTaztATJI/0jP6Ular3OQpRA5460cBSlAeYJJn2P0qbE0KXCzvMiMYAFDbgSYUSBRboBLsIO4zk8jNBdABO1cnt700y0gayo7yQY611siNwknpUXF+iMT096GFGBBgTxTHR+jb50JVtBUIHpgfOl2XEqdK1EQVcFGBz/WnXUJU2NoGFQQScQcn5dPr7UkhS21LKE7xvBBUrIxXYcNHbhDdzIQNq0ZgYH5UuPNS0pWzAEbknJoqkKW6stthK43Ag5+XXNeCEeXtIIJJkAcn+vFZ7k3wNxaQmH5UEFChJhRgGDU1K3vJgJCQM42zTC7dCUDygeI9SYx1x9KXUh0KS2gBSlDAjEfsUmFEH0qbKCScKJBBGJ9/pUC3uVtUgKSoA5Ej5xTD9u8p9DSUTIJ+9+/lU3QovoMKkgJn2ilZVFHrmitXbaQQFbDlMCDHcfU1j7nwqyp1Tga2kwkScV9VcYUSjYII+8Y5GZrlxZoW1BmFdNsR+5/OsZw5tGkcsktrfB8l1OyZa0Zq0bs7m91Ja9jbWQ2BGCYOeePajXDF9b+GbBnTym2eTLb+1ICh6QVEk9YJH0MV9X07TGGEm4KAsoSNmM5ish4q0g3yX1IUUpWcoQYn8KwlidWj0MOvria8V9z554ebVqwBDqlusLhpbmRtnP5ya94m19tba27RS1BLhSglMedCoJ7BMgxicVatpb0JxDqfQgJKFISDgREVlHnGEsrOFqA4+ZJB+s/lQo3Pno6fVaxWlTLGy1lzUGG2F3KUKYCilAASE9STjnFG1K+asdq3UO3VyEJUkqGAc9CT0NZrRnSbk+hRClAqHt+z+Va60s1XeqFDVpcK09aDuddB3LxGMx1ER7U5wjB2PFklkj9zXfAsNeJfGI+1FKmrBn7QGSOSISkn5SD86b8ceOdc8ReM7rRNBfdaRbXKrZtm3WUqcIIEqI6kg+wB+tI/+H6+s9F1t+4uvLYTdFVuXCoBKRAVJJOBIifcVsfFfgO+0O91/WfDjLjl3fPC4aUykqcaUZKgABP3jIPtmplti3SIjbmnN+DA+JdK+IjWgXTd/Y6g9YMA3Li330rS2lKTKvvTIE8UH/w8adc658QRfOtza6eyp1xShI3HCB8yZP8A6TX2GxXqbnwW15WtJ1AXx0663i+BDk+QZgHO2ZiapPht9g+HXwlTrmsNPrc1JaXnG20jeoKw2lIJGNvq+pqk1taoxnKW6rNDp+o2/wARrDxZo102FacXS1aO/wCdA9IUI7LRuH/1Cvj/AIEulM/EDTbF9s2/2fUEtfZ+AlW4jA9iPnxX1PQ/H3hDTVaWzpulu2KL0wkpbbSlkKUBK4VgEicTxVD410E6Z8bPDd+y0kW+o3SHNwTw4kwsf/ar6mpir7G5SxdLstfinoHjjVfFds74UddZsBboSpxN2Gglzeokkbp425g1V/8AiFumh4e0XSrpxL+rJh1wgEY27Sr6q/Sr34mjxcvxLbN+GjqQtVMIBNuSG9+5UyeB05rnxdtftHgDSRrRb/xZK2gpQA/5hR/EiOny7Cqjw0c052mvgB8RLPXbn4d+F0eHBfm5bSyXPsZUFbfJ67ekxTd19vt/gveo8aK33a2VJQHvU4VE/wALd/qCoPsAJ4NM+M/EGoeGvBnh240tSApXktrC0BQUny5j245FJ/EuzPizwdZa3pjjq22U+Y5bpXKdv8xgfzJM57TQvApS7+RTQ0FP/h/fSBnyXukf/FNWXhGzvrr4LtWumSi+Wl1LWxzYQfPV/NiMUppA/wDwIuB/8p7n/wDNNN+GTfj4LIOlF83+xzyvIHrnzlcR7UP/ACC8fgwuq+F/HlnY3F3dP3SbZhpTj3/nwfSBJxuzia1PhsgfAi+I/wD6b3/31kLw/EG4s32b1GuLYW2pLiShZSUxkHHatl4Utn7v4H3jFq0t59xDwQ2hMlR3nAFN9Cj2fEVKSVqEnbE0N07xEgzV6PB3iNJlOhalKsH/AMur+1Z7dIABzxkD9auyKaIrAUIMGhqaUJAgD3Ga75nrIBxPEVAZJBJj26UxpHEgmQo9c4rycLyTnqOakYUJT0/OoqICSFKMiY+dAybRW4SoRM8z1oqlKmSenHtXLBwpbgxBJOev964/6SQFCSYnmKkANwpJakqIPSf0pZKgVQcTTDza4MkUopKkDORHGapDR5SdyokA9K82gyQYIHbrXJP82SOtePHp5nBpjP0y6hWElKCDkgyd3uTSDiQgLSn1JwDtTI5/7VYX6Eqb2EgAmOarVf8Al1q3KO1QGE4BjifxNdbOHoG4+gOgpUVqMACIIArlwlpxzCi2AoGCMmelTUltSknyv4kbepEwZNBCR9pXAlSuDM/jWdUyn0PW6T5Y3bIJEJWvB7/rSY85tZcCRzj1bVKPaP3zTB3nalakBYwMHJoN02fMKULCQOITwe9IOybaShxK1Sl3YM988T8z+YojKJXuVAJMiusNeS2SVSAQrdPXrijPANq3JhRjEj996kpEg0VhRWopWTBCc4+fy/SoMtPlWSIT90mZzHWotrcTe7dxKDiCMfvimXX0G7wgTsO6DkQMAfialiAh3Y640ACs4SRgQBmlL1jzLhakbIJkiOZqyIQryytIKgkiBjp07dPx+VJ3iXA0FITCohUgjAkGPel2hM+dXnhNpWoXNy9eLPmZCYhIiOKpL5vTrDSdRs2bVJfdkIuNuRnI9hE596+kuJlsq3nbAnrnEn9c9aorzR2S6rdBBEgjjPes3juqO7DrJxvdzZ8xaXY2tyLi5SskDDI4jpnr/vV8x4ju/El/b2DTiLVC/wCAS0MoaxP5A57TVf4stGPtNm220lko/wCaogSo/wBqHo9uhxa7awQhhm4BQ/eLwUt8r2/QGT79zSpSVvs9BOSdRfBcvWd2hTCrBpgMBSHkjuFhWxP1AJ+gprT/ABp410DQyq11sqt2kjymXW0vSklQmVAkAFMRIqdhcO34YdtGFrXqGpNJtmUjhhoKCUj6R+NfQbb4VW9vp61+IdYYsUKn+Gkp2pTIiVKIyPwz1rHc0XkUGvcfLHPHWu+MbJy18Qas6pC1BKLVpKUJcVgjcEgHniZzTXjHxrqt/ataXrThd8gfwW9iUBKo2yraBwJA+vetJ4j8CeHvC2ns67pWvW92pp5KUJGxYKpnBSroAa+evWite8QITZKW+txaWGlqTBdcWQJjoK04lKl0YpqGLd5E7S5S1bobClHyhAMZJ7/vpWuf8b+JNbu7C4urxsJ09SXrchhsFCwCJyJJPUZGBitL42+ECfDfh1epadfu3bjK0ea2tAQAk4JBHvH0mqHwloiNQ1O0098+WH3ggrSPUJ6jpVKnyjhy5JPhl6z8QvFyjtXq3qBzDDEf/ZVRrmpahrFwHtUuXrhxIIBUcCT0EAD6RX0t34Y6VbPIZVr3k3CspStKApXyE5rHeN/DF54ZuGRdKbds3VQ2+2FCYGQoEmD+57VFxOecZ+Su1PX9U1azZ0/UbsPWzBAaRsQkJgQMgAnHeiaZ4o1bRNOestOuktMOHcpPlJWDIg/eBGR+lXHg/wACXniBg3108mz08Ew6tEqc+QMQOc/rVlfeBvDqba8dtfFTDjjLanFNhTbkADslU03KPQlCb9xW+FbbxZr+ivaTptyhrREpUHFPtoCMkkpB27jJ7HHcYqitvGniTw9bp0mxvgy3brWjYlppwJO4lXq2mcnmY7VrbTT9SuPhCq7OuXTNq2hw/ZEpABAUU7Sr723nHGa+Ys2wuH2rZpBU86oJRtVyTAA/Gp77NOUkaW4+I3itbRQrV9yVp2qT9nYzODwnFV2i+OfEGi2CLHS9QLFsgkpQGG1ZOTlSSea13jL4WJ0Pwzcanb37109bhK3G1NgCJAURB6TPyFfLTtAjJX1n+lCprgp2uzYj4neL8BWrEHrFsyf/ANFYp5AmFE474rpKgPSQR0nEVE8ZPq/Giq6DlkFMjk96huJO1AxUyoBO33iowNmFEERjvTAiBK4TgGvLStSEpg7SZkmAfevBO5U7tvtTLXlpt9xBgKjv9KGwOWyAlG2CrBORMV14q28AkCfVXW1qwSVAe0EilrhalEbJFJAAUpShIgkdzUBK59MR0rzrcKMq3T1IoakSYPQc1QyMQf6CphMt4zUPK2gZJTNcI8wmZA9qBn6bcSfOlYASnABODQGkJXBAAUpOySJORGfcURbi17i2YUR0VIn5d6VKFeYpJO1cSc/j/Suw4hd1sIhLa1FciVgcHr79aii2QlqFukrHqg/yj5damlkOKKlOKSOCkk98R9KgAmVoBgAfyDpUMaJKaK3ElKiZ5UCJE9aYtWpSAoTn7xOT+FBSuCA2ncSICgMUa1Vt2gwSSUpSRMKqGNB0B6CVDBPI+tRba8x0T6gr8vcVJS/IWgLVubc/AUshBaSYEQFckDnj5VN2VVDJS+h/cqSlCSIjiegP74pVC0MgqQtSXASCTkn24qd2tSrlDTTu5wgkZEJ7yfwxVesK+07SpSyrCU7SQYMTPFJCk/gtre8adUQgrKlZ2q5MURTxft3vJBls8Dn3pCwt20rLiVBxwEZjA7gVbNstuMLKFJJVkwelFC7M5ceWhxxaAEpMkJQrE0qtyW3AtAARwZGBApt0neBsSUwZgxu/eKB6S2sPASrjamQDQTdGW8RaU3fqDpYCnkL9W71Dt9ePwrIOtP3T6tNaa8g3C/47ylfyAzsHt374r6lcokNC3woEFe4zuqq1azQ44VpQkPHAVE/vis5Rvo7tPq9nsn0W/wAH7W3V4zZtgUr/AMPsVvtxwlSylMj32k/9VUnjrUbjVvimNOVdBPnrFsz5mEISTtgx0mZr3w/uU+FvFDN8W4tnEFl/EkpMZHyIB/GtZ43+FjPizVTrugahbxdQtSXVHZMZKSASJ6jvPyrBw5pnYtUnJzRmNU+EmoWdhfag/qdg7p9o0t9xLSlKUUoTuIGImBXP/D9opv8AxHday+kItLBHoT/8xQIH4J3fiK+gWeiK8H/DDX7HWbu2Lt0h8p8pRglbIQlKZAz6e1Q0s/8As6+GtmGmWhqdysOKbdBytQ3HcAQfSgAfT8WuqRjkyuXfQXwJrDvibUfFNlqTbgtLtZcZbcTENkeWR/0hB+ZMVhPDdi9pnxBsLK5SQ6zeBBKhggHkfka1Nh8TdTXdMfbLaxFsXEhwtoUFbZyUkriQKtPF2mBj4g+HdUagtXbyEKgfzg4M+6Y/6a0jceGcrqVNeCfxB8D6j4m1xi6tLm2Yt0NIQS4pW4EKUSQAI4PcVS/GXULRrSdM0RD4fvGClbh6pATtG49CZ4ovxE8SXXh74gWVw246q2RaoUtkOEJWCpYUI4mPzApb4taG1fWVv4p0n1sPto+07eCgxtX+gP07UR8WOVU6H/jLcK0nw7pGkWRU3aubkqCTEobCYSf+oH6V8bWlK4Vx8v7V9tbXp/xJ8KW9q5di31e2hRCoKgoYJjqk+3Bisuv4Sa0ncpd5p3loSVAJUslRHAykAT86cZKKpkzi5O0XmlSPgRcgkKPlPZ//AMprMfBjRf8AEvE5v3GwbfT0byVJ5cOE/hBPtArUaQFD4GXIWDuDbwIOf/imp6fdf8A/C5vUUMoOo3ikuBDqTBUvgEAgwEDieZqflF1yvwMeDfEf/EHivxLpt4hxVhdg/Z0uJhKkJGwjPVSYMexr4j4k0pzRNevNOfHrYdKAofzDofqCD9a+g2vxk1s3TAurLTDblY8wIbcCts5g7zBiehovx60dIf0/X7M/wrpAZdI+6ogSg/Mpn/pFNcOhvlHyWU5x3FdWAEJjKh16UMiSNk7h06VEkBUqMx3Gask76pG2IPOOa84mEwSIHGagVbIMcdqmFJVJxP75pALqBLm/acVNQg5IMH0zzXlKlRO4be3c1FXqTKVAmcwOaBhWyD6j6h35obpgzkUVsK2nYBAyT2/OlniVbwREDgUkCIukBHWe+O1CB2pMJ96F97KjkHNd3YAxmqoZJbhWAIEDtQ2lbVSBmKm3sUYOAeoqSAlDihOBzQB+kblIbQtTaxJV/KPfrQVPKdKEqTuROVg/dPQGj3aQoekKmM7f370qrbt8ttEggEz978OldhwnX3HWmElDYWUrk4xPal3XVrJ2JAEgmBwByf32opcQm3SVqAccEkbuOn60s60tKiC1yU4IjAGc96hlHWlKbBhYUEgkjrz0FOhsq2ltWxDagdx/mJGTjpUG2EIUCSPu7QkD298zTu0FuEekjORzn/cVDaKimAdSF+mRIEDbzOYgRSyyotR5qSvgkDn5frTLy/KaLiSCpGIgDdJwM8DPzxSTXnPXKfNSlDY3YCYj3JpAyToQhxBUhSAnCVJ/mPvNcAV6ltkyIEKOY/cUwoJTtDgSUA+nH5zUnEIQSvf6eDCR2xPX/uKQgTYdSkDKQVTMYielWL7JDI8oKCgk5yAfekS8Evq3CVBIgFIEnGc1K7K1WYCFkKT6QlKiAlPv3P8AelYIRctV+UFmVKnKZgj61WLQ9bSiCmT91WQR0E0N2+daUQfTuBO0c88UR54LSlRgmZHIoXIVwAcuNqFKIMcAgjnrH760o2/skFwA8ZIk5Oakt31gOErSkziEiI/2/Ol0PEAIIbwQQqBP9utIKJLR5ailYJKQYgcfuah59xaoUm0febP+ZtSkzj2qw8OWY1DXNPYuQFtOvBC0cbkzJGPYGth8RvClhpmhJvNHtywppyHAHFKBSrEncTGY7c1Lkrpmii2rR8weW48sm5W46o/zLWVHp3rjryn4ZcccWkSYcWSE961Pw38Po8Qaw5/ibfm2LDW5xAUUyThIJBnuf/TTXxL0PTPDt7aJ0xgW7b7R3ArUv1A8+ok9aLSdD2vbuMpo2i3Wr6mzY2pR5y/uyQAB1J9gO2atfiFprGgGxt2dacvL9A/8w2VE7FdCO2MRM018MdFOseIVKukKRa2aS4pSFFB3cJAUCCOp+lH+Kfhix0lvT7/RkRYXI2q2rKwVfeCgokzuBP4Ur91DUfbZ8+cuXHlbntzkc7yVGP3P41FzUHPJDDbi/syU7fLC1bcmeJxmfatr8KtF07XNfubbU7fzmkWpcSAtSIVuSJlJB4JrV/4X8Pb7WHNFSl9i/S6pkJLjuVAwQColPIpuaToFBvk+Ms3RbclG5JTkKByD0/Wi3GtX77QZcvLlxvst1RHyiav/ABl4UutE8UN6PYrNwbjabYnClhRgA9JB68dcVt3/AAp4R8I6ayfFbzl7qDiCryWlrG4/6EpIMe6jn8g3JAoM+Pi6uEoKQ44lsjCdxj8Ki/evvNBDrzqm0nCFLJExzBNfX7HQPA3jK3dt9AXcabqewqDTi1FQjqUqKgR7JNY3wv4YA+I9voGvsB1pLjiHEBagFgNqUCCCDBgEce9LcitrMWVEwoDip3d5cPtpbdfecbSAlCVLJCQMAQfatN8TtMstH8Y3thprJYtmw3tbCyrlCScqJPJ71o/hF4V0XxBo+rvavZm5dYWA2rzVogFJPCVDt1pOSqxqPNHyoygLnP0ryXCpJlJCgOa+r/BzwpoOv6Dqd3rlkbhbD20K81aYTsBIhKhU03nwgJEWV1PPNx/+6lu8FbT4+6FKHomRMEVBkrnmTX0fwi/8Pm2L8eIrZ9bpulm3gu4ZxtHpVzzzmt94W8LfDvxUh5zSdIuFtMEJUtbj6EgnoJVkx2ocqGonwFtSFOISRj2wRXnktqUoAnZ0jJqx8a22mWnijUrfRHPN09DxSyoHcIgSAZyAZAPWJqnJCUgCcc5nNMmhpKlLQNsxMxNQdbMqK9w7k1Nh8+VC1EZgAUJavMcAQFjGfekITUg/eSCpsnmKXcSArKvpFHukCZQo7hzJxQcH73J61aLR5KwhMz9I4qYeCpOQrpB5oSUiSehqSUAHcDxzQB+knnihbaVFMQcnmPpUh5a29oT5hiOxB7zVK5eefAWobM9cYNEs1FtxPnLlXtmumzzxnctp8pVsVmQYmOlEPmFzy3HhuWB6lCenyqDjzdu35q961hM87ZzHFVl5d/wgltCUwQrmQCeKXDGrH23lqf2IeTJySE8dvwg03d3imgkgGN0nHB/Yql05akK84tyFySoZJ96tb95CrcKKUxAJA6Y/vUNFpjDLHqLjitzhAIIBj60n5p3LLaXAEglU4A/ZqdqoXCiNx2oEpKeqeBRXWmwp1kLBWUD0k47gfpSKoKwoqQhTiEREielK3Di0OPOOg7Uj0gYnPNM26FbQlxG09CDx2qrvGlrcClLWrkD2A5/GpBvwF88rU2EhMAcK5n29qO+8sIG0hPQjbg/Wq9tlTahJkEkkgZAol6+Q4lKUwgJ+9GY7/lSJ7Kp5CHUgKB79uvFLtulKlNrSolM7YIijuuFIXuEFQ6iDSSXQVqVAmcHgxRZVBrlwJSfWEKUIIUIBqucUlRCyZxgg84ijpZLiAXCITJ6mkXSjdIGOJSMUAa/4YJL/AItsFJAhsOKUkzIGxQn8SK3tjeN67f8AizQ31DdvPlhXbaEyPkpIP1r578KbqzsfE7lxeXTds0LdSEl1YSCSpOPyqLHiVOjfEa+1Q7nrNbrqVhsglSTMQeOQDWclbNoNJI0dv5nhT4aXl2pJZv79flBKsFvlMfMAKP1qPxwSPL0R5MeoOpnvhJH9aznxB8XNeJ12RtGnmrVkElLsDcpRGcHsB+JrVa7eaNrnh3wvb3OpWQcSthVzudEto8o757ZAGepFKmmmx8NOKGfCmiX2m/DZ/wDwy3K9W1FG/wC+EEBWAZJEQnPPJ+lFs/DuqX3wwe0XV7YtX7AULcKcSskJMoIUCY/y8/lWa+J/jN8apb2vh7UVt2zDQ3uW7sBalZiRzAj8TSfw38a6g34mS3reouu2L6C2VXDxKW1cpVn5R9falTqx7op0e+BRV/xbfpWCCmyUIPQ70VtNO8EaA74sutYZ1By7vGbpT7jCHElLThUTBAE4IOPaqDwvd6Ho3xO1q5a1OzTp9xbFxt3zk7ApS0EpnjBCsdorMaV4pToPxJ1C/Q8F6dc3jqHymSFNKcJSsRzHP/em0220CaSSZfaZr7Hib402L6WVIYtkOMNB1MKJShZkjoZn8B1rM/Gdx9fj67S9u8pCGg2T/kKEkx/6ir6zVh8S3dP0vxXa694b1C0ceU4HHG2VhW1wZkgdFfrPetFfah4N+Idqw7ql4dK1NkbDvWG1QegKhtUOfce001xTDu0fNPh89cN+OdDNmFh03TaV7BJ2Ewv6bSqfaa+q68ltHx58P+WhIW5ZlSyAJJ2vCT9AB9BU/CWleB/CeoquGtdtbi+ghC37lH8MHnaBAk9+YrL+Pb600XxppvinSNTa1V9x5SnWkLSoNtpSlOwRxKVESfnSb3MaW1Ge+NK4+ImpekE7Guv/AMpNbf4Bz/w9rx7uJx/6DRNaY8CeP3WtSc1kWF6UBDiS4lpZjgKSrkiYkfiYpXVPEfhvwJ4Ru9H8LXhvtQud38VKgvapQ27lKGMAYA7e9DdraNKnYf8A8PoR/wAK60HpDf2j1+w8sTVD9i+EJn/3te/9D/8A/wA6b+B+uaRp/h3VrbVtTtbRbz+A86EkjYBIml/+BPh5H/8AOHH/APcs/wD7aT7Y/B838L6Fd+IdWttOsE7nXTlR4bT/ADKPsK+u/EnXrPwJ4Xt/Cnh1QRdutw64PvIQeVH/AFqz8h2xXvg7f+EtB0/UVuapatX67lxkruHUpKmkn0bekEZkcn5CktV8I+BNW1G4vr7xqp25uFla1m5ZyT9OPam3b5BKkfFArdIBx1964PTyCTPFP+KLay0/X7y10u5+12TTm1p4kHenvIwarjG0K5BGavsmgw4BnPtRgC2klKuR8yKEwEqQqAQkDtNAmJEn5cUhE1AY9YOIyMClHiJMDPQ0ZxRQAkZ7SKBdLkgynHSKaGCUVRtJGele+6BKqESSvORXBJOPwqhn3lq3UuFkEomYnFOpG0bYG7/SD+NeSf4cIAQeo70ZpRS1uUogDMjMAT+tbtHnIUSt5tcKUFNEcKOUmkGLpQuCUoQciSvJj+lXTTqHmi4G4nMcyfelyWlOFOwF35Rj51JV/I0pbaLVCihIKT6TPWoJ859gtNplKgZJxt781B3YlEBA9IhIVkHM/ShC7HlIRM/5d3E/KgtD1jalkDzNqdvYdJ/CuNKSq4C1CQYUVFURIJj8ppZ64O4NNqkkbvSOZH7/ABpa2Srzwtx1aUJ9RFS0UmXouEC4O4iYhKZPA70ldvBbe6QkTA7iq64uB9pK2DhXWIOOYrxK3FqUhXmJSCDJqaExm2ccC3eC0EFPq5z9PnSNyoqfehSRMYA5oqVFlC1KKYG4wj5Y/U1XusKLzcqKXXBvOce2eh5qQR1UStKowMQJpVza0hIKdxzKZ69K4tC0uKUoyU4M5nvQ14O1RSF8gzimURuL2QoQAAkYGc0sTCdpynqDietSe2EhCY3R97iTUI3r2jepRzEdKAIrSlSpCTuI57UFSArDgggfemm2GS4va0gqUowE8mT2rRseEFBoL1G+Rb7sBAg/mTE/KuTVa/BpEvWlV9eX/JGuPFPJ+lGHUdzoQgSAPu9KXJUneCr1HnritL4i0RjSfKVb3jdwHZhIEERGZEiM+1Z+4a3tp9MH8a1waiGpxrLjdp/w/uKcHCW2R1kBSFFUZJJBzGeKg+soKSAIVPIxTWlaZeX90LS1bKnR94/ypHcmj+KNITpN80wLlt9W0KUU8pPUEdKT1OJZVg3e580Cxy2764KNw7iFHr06V7BcISQSf1qLqoWEwOcgYoTbnrG5MQZ4roFRJSvLKStJ5n3qLrqdxnA6d60uu+GUWHhyy1Nu78wvbdyAMZBMg+1ZJfMA/WsNPqMeoi543aTa/ii5Y3B1IgslSsn5V1vcBAiD0ImoqmcjHappUCoCDJ9sVuAMIUggnmpk9THPaurmJEZ/KhOJ6k/hSAEopKiZiolRKjPFSCRuAMR71FyAYoKO7REiJI4FCcSQYxRELBVKj05NQcVuP+npSACsK24AxzXkLJEE47RUnBsTIjtUQSQTMUDGUvFsQnt8hS63FOKyrM/Kpbt/pVz3pZwbZPU/lRQBCo7ZCgI7mlnVbvvHFcUvOTQlqEYMU6GSCjx0riVVEerNckAgjpQB94sLllAKW3HCDAG89ucVYPOpbTtkjcACB0nFVrmmNjeppZK1dZqds2oNK3b1ZH3jAMY6c10M8y1ZYWJAbKgv0+xmmMSSB97OOtVq3DbpMJSkEz7Dim7d1S07HAQrbIMVLKTFrwuLbWgJABzM5+UUitYU8YUsITA3kAcdYFPXa025BgqUrAAMfjVYpZd3eoFe0nmOveoaLiHRdOBzKtk+qO+e8/L+1HaeUpJIJG7G4QDmq9suNvIdBKlgkcYHSppu1pJDxmTjFBQ4t6FAZAJieJ9qG4VASNwSTMp60Tel9tBM8EjEfOo3LiWm2y4k4MCMmelAgluGlpdbX/DMYESFCOKrFXZDKWdnmKQe8GJ4pq5dQhYSU7cGT3NLXcC4cXtwTEzU0CZBLwDZEncZMH50J7atwbR7EjFLrcSjcSSc4moIWDkLAB9uaKKIOAo+9mBHziu27qm1KxIPbpj/AHr3plSVhJByATGajMEbdu4SRu4pFGo8DsB3WC6syWmiQDHOBP4VV+Kbt+51a5U5JShZQgHhIHb9a94d1UaTqzbtySphwFClAfdBgzA+Qq88S+GntRuPtmkutONO+tSN8Se6TwRXz+bLDS/U3l1HEZRSi30vlfY7IReTBth2nyYzTUpu9UtmHjtQ66hpW0wRuIGK1uraFoGkKIv765SXElSG5lRInMhPyAn35qsT4c1DTdU0u7u/L2Lu2knYqSk7hE/hRfiWkK11j0gkW6TPX7y6ebO9Xq8ePBlag07214CMPTxylKPP3GPD+kJtdN/xbUNRuLJpSSlHlGFFB4kweYmAOgNJ614Ztf8ACTqujXjl0wnKw5Ex1MwM+xHvVy9ajxN4KsGrBYLlvsCkFQB3JSUkHsczXBbnw34HvmL1bYfuCsIRu6qSEgDvgTXnLWZfV9RZP2jnt2Uv03+L/jZt6cdu2vbV39ypt/CekuaBb6pe3z1qF+t0kpiM4SImeO/ypTW/C2mDw65q2g3rz7TZ9XmRnMY9IIPzpzxGD/7NtInnzk+/RdT007vhZqHJlSv/ALk1ss+piln9V/8Abtriqv8AFi2w/Rt/dspvEGgW1p4T0/Vm3rhy5uQjeFqBT6kkmMT070414O0nTNMYufE+ovWrz/DbUek9o2qJPftT/iVYb+HegrCQQjyVbT1hBMUz420N7xVb2Go6K4h5OyAkqCcHM569CKiOuyyUI5cjhFymnL8dK/BXpRVuMbdLgxqdL0B3xKu1Rqjrempa3i4dA9SudoOOntM4irxnwloOrafdO+H9VunXrYTDwG3gkCNqTmOa54J8KoZ1+9tteaSt9lpDrVusgock/e9wIA7ZrY+H/wDFl2t8zqen2dg3tKbZq3gYzMwfl2qfqP1GWKVYMrbio+Y0781Vy47rhDxYVL9Ue7+f9R8JKt7g3HaCea8vB9Qx0qVyyu3uHGnUw42opUJmCDBz1oY+9Br69O1aOEgJWqASRFDWlUicZ+tM/diOnU0FyVST1oGgBUQrgY5qClkx8+leWCDCvpQ1ZGBFFDCr+6PfgmoKjqcihqB9J4ETFcUTuE8UATJ3md0Gou4xM0Ij0zJ3VwFXCgcUAQWSVDt3NDUkk88VJSgCcUMqKlYmmMkITAPeoCFEiZPNeUBxUEpAVIoA+82CnNsKChnBJmRVitxpsCTyIkDE96SSg+WoJEmDABpEhaHDvO0RESRXQ0eUnZdJDdw3zOCYBmh7dgMKVCuAOBVXbPBK0qlSQnG6Tx+81bJLbyRKs96kfTPXjKLhAAVsWOD7Uu3ZCCXCjdxgTivXTgQYSrIkHoKgn0whJVKu5yP61LKTG3W0pCAkwkGlLlvzPMmCsD04ooWhuCpxIHJSAf2Krt6t7qWn5BkzkZ60uSkwhuW0toMSsGCAZqJcdcJcB2wcdAarnXClRC1AKBgR1NHYfPmlKVSgiBI+9z9KTKsK+sPPbjyBuINKF0BO0qlfMe1RvHyblSZAAABiklja4Tjb3JpDQ06uAW1KBAzPFcb2nG4YPWl30bYG4kwDM81BBXJjcc8pzQMPKEbtw9WRINcf2loFGSegPSgtup/lISs8hSaJtHVMEjEcfOKQ+gG4kkLJUnbRbfULi1EWt2+wnG7Y6pM/gaEttQTtBSonBxmmfDiVf8R6elQCm/tCRBHORWWdxjjlKStJXX4LhbaSBvajdvOJdVdvuOJylanSSmMiDNL3movXCgu7edfcCSAt1ZUY7SfrV78QlIR4keaSEpG1GAI/lrMutFaRA6YzzWWklDNhhmUatJ/iy8icZOLYS1vbq3PmWLzjK4g+UspJH0qF5eX10sKvnXXlxhTi9xjtmgtKIWZSQQcgDrRA6rAwR2it/Tju3Vz8k26okq9uri1RbOXL6mEGUNKWShPyHA5P41H7ddNWDlt9pe+yrP8AykOKCFd5TMUJVwpMNkhIPOM0spQVO2Y5MCj04dV9/wD0e5h3tQvHrVq3cubhds1G1pbqlJTHEJ4GMVy21C8sdybO9u7ZKufKeKJ+cUslYJkGe84ry1buBtBxil6UNu2lRW5hRfXX2z7WLy4NzyHis7/+qZoj+rX7jvnrvrpTuwt+Yp1RVtPIk9OarwInOK4nIgESesRNP0oP91BufyQUSVA7vlmuL3AJOI4xU0t7iRyaLAS1t8sqAOc5qxWLbyZwSPlQ3V/KjJbBMqkCcDqaAr0lXqG0Y5pFA1pjMj6UNSinIJ47VMnqSCJr2MQoAH2pjOMqElSlZPehObQuEnB/KpwEhR5T3rjLSnX220QFOKCQTxk0nxyBFaCDSzylcHA+daLxb4XvfDNyyzfu27inUb0lhSiIBjMgZrOOEKPeow5YZoLJjdp+SnFxdMXU53/KuoMDHzqLhAJzQiokyIrWhBVLHyNcbVJNQInkzFRyk4oA+/tPHOZHGTSupulCm54Mj2NEQylCgScpM56fuKQ1B5TilJTuOZHYAc10tHkRfJNvy5CyoER6YxOflmrSz3+UUyciAf7Vngte9CQoApEc+9Ot3L7SsLUACOUjNQ0WWaRkxuO2eRya6q4DLJcUNx67R8v60sL1xwSEEJ45Ga6paipMgz0xFKhEH7kvNwEwoEGCeKX+1pT6Y4ySOteWBlQICt2R1pR1hS1lYhPeMVNFpodS95iioQluIJPvXfJbSFOtbY6GZApa1UW3RvR5iCOP60day2tQcMJUD6Rxz+VMb+wBz7OpWxYIcxCgMGgQ0FeS4CVJmNwif9qN5jR3BaQkhJ9U/s0BDje5PmZjER0yalodioV0UQAREKGK5cLT5iZmI5FMXTCPMwCEcxNLEQsRkHpzRRSZDYFJlKpxXvLWgxMd5oiEhJOxKh3jNScMhAIIMc1NFWXXgfTGNT1vbdgONsI83Z0UZAz7ZrSs+JLV7XW7FOlslvzw2h2RKTMBUbe8Hmsp4R1hjRdWLjwJZcT5ayMlIwZ98itGkeFLbVU6mm/UtxboWlsLJSlRPMRIA5yf7V8t9UxbtTN54SlHb7Kuk/PX+T0dPL9mtjSd82cvdJY1f4iut3id7LLCXign70BIj5Saubdq6udSubO90S2b0o7ktOpKZgcEgHr0gCKzdz4isrLxq5qDbqXrVxpLKlIyYgSR8iBTeoJ8O3Tr19/j102lyVeW28YBPZMbvpXnZsGescciajsilxJ0/PTVP8nRGcfc0/L8r/aPn3iCzVp+rXlulRKGnFJSVEElIP6xFbJ1to/CZt8tNpcxK9on/nRzWEeKvNUtxxTipPqV/NW80DUNH1DwcNF1W7+yKQTuIMSN+4EEgj6V7/1WOSGLDOnLbOLdLwu3RyaeUXKS6tOgWgttK+G+rvKabLiVuQopBIwnrT2h3Vnpnwyt9SubFu78sqOwpAKj5xAyQeMfhQ7rU/Dtr4O1HTdLvBJSoJ8ydzijGRj6dOKqF6rYH4VJ00XTZvgf+TMK/wCeVfpmvIniyalO4SSlmXhp7a/ojpTjDyuIv+Zcv3Nl4p8A6hfu6c1auMBZb2GSCkSCCAMZiKq/BN9qA0VDeleGmbp0LO67WoJC88Enk5I5+lA8O6rYWnw81axuLptN06HdjZmVSkAVZ2eq6Fq3hGwsbrVXdMNqE+YlolKlQCCBjIMzinPDLDDJh9NuG/j9TSVd0mm1/GgUlJqV819gPxX01hGkafqYtUWl2pQbebRHJTMEjmCInrWT+HQQ74v05DiQpJWr0kSI2KrQ+Otb0W/8IWNjp10445bOJShK0HcUoSUyr5ggj/vGU8BXVvYeK7C5vHUtMNqVK1TA9BH9a9DRQzL6XkxzTtKaSad+a75/BnkcXmTXXB9Td1uxtvHA0NrSLfe7t8y4wCSUSMRxEDmuHVNP03xcjQbXSLZKXlbnHRAyobuI/rWSudXsV/FRGoouWzYgoJeztw1H61zUtZsF/FO21BF02bFJRL38uEQfzryo/Tek4y5xW+Zfr/8Av2/obPN91+r7dGj0jS7O1+J2pstsI8pVn5obIlKSVImB05P41jfDbTSvisppTaVNfbLgbCARwvpWiV4r0yz+Ij+oF8OWDtqGC8iSEn0mYiT92MUe2e8FaZ4kGqJ1Mv3b7i1pO6UMlQJJMAdyMzz9RcZZsMZepCTc8SSpN81zfx9wqMmqa4kCY8PWeqfFXVxdMIVaWbbSwyEgJUotoiR1HJir6xtbzV7i/sde8O2tvpa0kMOJKCoCYzBOYyCIiKxw8ZWOmfEzUr5K/P0y7Q20p5uTEIR6o6wQRTero8Jvt3F414qvWi4FLQ03cKhKiMekJ3RPSsc2DUNwWRNLZDa6k6dK+mqd/JcZR5r5fwMfDuxtNP0nxK1eNIum7J9xCipAlYSkzz3iqEfERN5r2nLGisotmUqaDHmAiVEQr7vSOI6mveANdsLHwpr7Go3qG7u43lCXCdyyWyP1r50y+GLll4ifLUFEd4MxXq4Pp0c+ozyzxbfCT5S5jTowllcYRUX/ALZ9r+LXiVrSWDpzmnNXK721cQl5SgC1IKZAg8TPIoenaHeeHPBtirw/oltqWs3QS4+4/thEiSDKgSBwACOp+anjC68HeLbFrUbjWjb3DVuoNtA5CiJAUmCTB7Uvo/ibQvEfhaz0rXtSuNLvbRKU+c24WyvaIBCsjIiQeteRjwzhpIRhjlxL3pqXPdcWrS819jock5tt/gT+Mehsf4BpWtrsG7DUXFpYuWURElCldMGCkieSCO1fIFpKcYrc+PkaOx9kY0PXbvVACovJfcLgSf5SDATwSMVjVRkda+p+kQlj0sVJt91aa4vqnz+Pscedpz4FpJMnkVySeDNTKorqSIxANemZH227cUojy1EJ7A0s5t3SoEzyRQ1KSEgnaVYPMCujaFQUq5+9NdTR4yog2mVTjbkH86OVqLgRtUqDAITINcc2lJErJImORRW3F7PUopjAnrUtF2GZMtbe3SpqcHUkAUq3cHftgexFRL4USAgzJ5k1LDkL/NJGR6s5rj3YEmew4qBJMGDEQZrpWhwgcY55mkwTAFY3HaspUD1oqlqd2kmYxk5oOxlKlJBBgSIHNSB2NCcR3OTSRUpfBJ1KRvUhJOIzSTK0HeFIWFDpM0w56lTFCSn+IMe0xNAXwcedbDRCZCyADQ2FlIPBEURVusFSVrSAg5O2aCpJmA4mD7UUVafRJbqtxIAgcT70IrBQCR6pgxUoUAo+ggDn60IJXtj7qQRSotMkVKQDKCAP0pdZBPM9cCn7PT7q7dDVk2p11X8qe3v2qx1Dwlq1raG4ctAUITKg2sKKR7jr9K58uqwYZrHkmk30m0aQxzmt0VaM4VJGI3HpMVFSQkApSRHQ1a6Nod9qzLr1m0XUNGFeoAjEwAaee8H6wzaC4NrKUiSgKSVgd4H/AHqJ63TY5bJ5En1VouOPI1ai6My5/wAuQg+9BU4W0HakmcQegq+s9EvrzT37y2aCrdkK8xe5I27RJwT2qel6FdaqtQskBxTMFWQmM+5q5ajDFSbmqj3yuPz8CSlxx2Z0EeXMACcTQ0jJlKe+RWltfDuo6hbXNxaWqVtNKKVQRJKQDAHJOajeeDddtrJV09aJLaQVKSlYKkp9wP6SazlrdNCWyWSKfVWuy445yVqLozT8qIKen+qaiETEKKiTAAHPtVhpOk3urXH2fT7dTzicmAAEj3JwKs9U8NatoKWLq5ZSEhxO1xCwoBfIEc9O0VU9VhhNYnNKT6V8goSa3JcFDqmnXlipDd/bPW5UNyQ4kpke1JoShIziK3XxAVrl1fadb6szbh4pIZbtpVuJIB+pMYpE+AfEP2ZTws0A9G/NTvj5TH5zXNg+oY/Qhk1E4xcvvx34NZYpbnGCbozDYCpiAeo71O109+9vmbSzR5r7p2oQFAEnnkwOldas7p29TaMMOKuSrZ5YR6t3aK3Xhbwbrem+I9Mvbu2R5KFy4UupUUCDyJ9+k1et1uLS423JKVNpN98CxY5TfC4MRrFjc6ZdLs9QYLNwEgqRuSrBGMgkVSOGBAn5mvoXxF0+71Px4/a2DK331ttwhA6QMz0HucVU6n4B8QWVibp2zStCE7lht1KlJHuOv0mstP8AUcUsWOWaajKaTq67Llhak1FNpGS5ASP0qK0lIBjB616CInFSUDsicV6RAupUc1BQBmSaKUk1Eo9JNIYEntxXCPTOQa6QZgdK9nbBNAA0pgyDXXBKuOM1zaqSYkV5SAdxJPypgKzKoHfrRIycYFcWiFA9+1S8scyTmgZ9dcytAJR24P8AappRDpQ4sE7ZBQOf0oHm7x6UyZA4mpJX6gic49q63R4fI6hxsCVBRkR86m8435YCGkpzyQSY+uPypAbtohRgdJmpAyjkg9gf60h0EVCClSG89SQMUNSycdZxGK8F7fvLI+v9KEvduIIO7oZgVFFIN56QgBwK2k9BmhgICxtJVJyCf7UqtW1PqJ3A1NpaljbvIjPtUl9DQQEuykmDjjj2ppxbfklJE4wTmq95xXllSVFRHeoKWC4VGO5Apk1YZ0pbSoAA9+lLrWUYT6cTihrc5AIMEgRUgkqbTAJkTgZqSuibyytIUknIEnmoeW4o538cGjWzZUAmATOAZHvRws7hA9R6zQhKXgrwhSAqEn1e0zUlBDplxPymmzIMSoHnFCgHcoE9uKZSkW3heyvL7U0psbj7OtCSpTwOUp4OOvNbbws5bG8vmWNTur9SY3+bJSkyR6ZrA6Jra9Gu1PMIS4op2LQoESMHn6Vat+ODbPqXa6XaMNLJU5t+8s9CSB/Q18v9a0Or1c5xxxuLSr9K5Tt3fP4ppHp6PPixRTk+b+/9PA78NitjQdUWnC0ncDzkIqXw41G+vr2+F7druBsCgFKnaZI+lZzTfFD+msXqE2jJF4sqO30JRIiAO1LeGNdXoLrzjTSHlOpCCFEiOtLVfSs2ZaqWxbp7dvXir58FYtVGPpq+Fdmw8M7VeDtdB4PnTH/5YoXw0SnzL9SEEJ2pExic4mqHwz4lf0cvoLaHmnDuKCqIPtVyPHLjcJZsWENRhCVcfX/ao1mg1rWoxYsdrI07tLqvA8WfEtkpSpx8UPeGLhdt4U1p+3X/ABGVvLQYmFBsEUv8NdSvb671AXty68AlKgFr3QZPHaszZ+J3tP0u909u1Q43dbyVlRlO5O0wPpSnhjxG74feuFtW6Xw6kCFqiIJNVqPpOXJj1NQTlNrb11x58Bj1UYyx88Jcmp8Jldj8PtSu9NR/5sqWdw5xAn6CTWEuNUv74tN3V0++2HN4S4sqAPerbwr4ivNBC0shp23X6lNuKjPcHvRvEXitOrWotm9Lt7b+IHd6Vyd3U4A5966sOmz4NXkk8SkpyvdatcdU+ePsRLLCeNJSppdGh+Idnc3/AIm0W2sCBdKSooUVRtgzP0AmrDRUtWnigWj+v319fhJDjKgQ1xPy47GsVq3jC8vNa0/Um2G2XrQEJSk7gsHkH5iR9asF+PSm4+1W+jWTd4oDzHjlSh2kAHge9eXL6Zrf+NDT7OFFruNqTb7bvivjydK1GH1HO/P36/35L/w5asK+I3iB9YSXmwnyx23Abj88AfWsz4b1vWbjx40zc3d0UOPrS4wZ2pABxt6RVavxXdp8TL1m1aaZcWNqmQPSpMDCiIngGfar8fEdzzC6zpNsh5UBxe+SuPoP61rP6dqoX+yU90Ix5a9rSp9/z48iWfG/3qpt/klrek6hqnxMf/wy4No4y0hSrjkoSUxgdSZ9qvvBD1p/iV/b22t3+qOtpHmefOxJBI9M+/bFYdzxje2viR7WWWWoebDTjBUYIAwZ70wx8RlWtwpWn6HY2zThKnQjCnFdCSAOp6g1jqfpmuyYVh2WlCKXMe13bfL+1Oi8eoxKW6/L+TA3bTaVrS1IhZjpiltqo+9Vldvm5uHXVoQjetSylCYSCT0HSgKbTtmB9a+vj0rOCxUNen1GgLAKcj6im1pO3OB7UtEGMkdxTKTBBG4iouIAPaaKYSswDA+tdUUqGT+VA7FNoBxUFiDPFMuhJjbPaaA4mDkT9aB2cWU7UgAAjrQiIPap7SRE1xSYMESe80DPowudipSACe9ddeIJ8wc9uaWcUokn2AOa44AdoSdx5OcV0s8dUPMqJZQr0/PsKkHN07lgK/Wq9Li2xt6exqbiyIWJAI60rCg7q1pchRAweKk08VKE7iOpikE3HqPmGJGKIhS2jOTjIpWV+Rt1UJWDJSOpFDbXsTjp70DeVH1QMGhqUUqMETxA7VLBFowsuJhRwJjNTO0ShKxPypRlxJSQqTIiamPKQlShmIjd+tMTAvIXuOYAxP8AausrDcbj6uJk0Ny4WUKCkZPFBbWQD79DSZS65LjzPKWClRjnnNDuHg0QUj08xzkxSSVK2DcRHaajv2zCsTRZLVcocTeqjCAfmnNdWsqCogwMxVcVkKkKVHuak29AIPMck0FJDKnEEDdIJ6Um84nfj8KkHAckJ+VDXsVlOB70FIMhQU3kkfPNcLaBwreeh7UAEt4SJBHPE1zfE5npB6UhoKNxSVJ2pH1k1xNxCkhXQ5NAkbSkEBJPTpXA4E427jODNKyqsanc3vA4JyKG5BAUnPplUQKGlyfSPSD0NRdWPTtIIH5mgVOxqWvIkJISOBupRSklUjGZoZXMyBA5FeQ7JO4ekcZobKjGgmCCqYE9q7jYFc/Oo7glAg4PNRLkIiaQ+yKhHBril7VTETQS5KucVJasIKQCRzHUUWaUMylSTvIEQJpRe0KJTEGugpJKlnHShKcBVmDnmkOKoKPSg4EHrQVkLV2qLhB+6ZngV5KpTERHWkWkeMiQIk0Bw7VQkTn60Rw8eqQO1BMpBJMz1oGjiiAZOCaGoeuYBFSWrHT8K5u46e9Io6japvJGOlLupxRVKkiYNR2gz0ApgACJNeWiPnR5Tt/pUdoOTgCkOzXi4QpvYUAHoqhlzAIx7UrwcnFTSqemRXQ2eXtS6DpcVgY29fetPpng671XSbK7a1HTWXLxa2bW2fdWl15aSPSn07ZJIAlQyaygXkbgAPatpoXinRrTSNGa1Kxv7m60m4cumPKeShtxSlJIC5BMSkcUmVBK+Sue8IXNtodtqN5f2FubgqS3auKc85RSvYrGzbg/6qs7/wABapY39paN3NjfKuLh20KrZxQS040JcCytKYAEknIgGpal44Z1HwyxZXX+IovUOuPOeU4kMPKW75h3JInHSDVlrXxIsb24bWLG/u21Xb77qb64Cihl5tTa2GikShBSo94IFTya1B9lQnwXcXFzZI03VNK1Bu5uU2hdt3VFLTip2hYKQoAgKggEHaarrXwxc3Gn6hfv3tlaWtq95G99Sh5ru0q2IhJzA5MDIzV1pPjDRdAftE+H9P1FNv8AbWru7VdPoWtwN7tradqQAPUTPJxRNI8VeH9H1K8urS21xbL5Kl2b1w0pm4BBlDqdkRJ5EkD3zQJKCfLKS48OX1ppa7x162WlOntahAWZ8txxLaRx96VCekdTQj4a1RV5o9ozsuXtVYTcsJQT6UEqHqJAiNpJ6AZmre38TaU4yu01RnU37N3SmdPWWltIWgtupcGw7Y2+kDIJzRj4x0tlWh3VpYXqr/TLf7HDj6PKdYO8KBATuCilZEg45ikCUPkqtW8MO2OmuX9rqWn6naNOJadXZuKV5KlTt3BSUmDBggEYNUKl7AVJAOK0Woa/ojHh690vw3Y37IvnW3Lhy+uELIS3JSlISkACVTJ7VkFuGMZp2Q4q+BtTpkbYPsaipz0hSY95pcLKgAKk4uMAUEteDxcKlRIjvUQs8Tmh/dyox1morwJBkdxSLivAfzTBwM1wvKgiBNJ+aqOZNcU6tRos0UCxCxsBP1ioq4BPXNKIehMqIxiiJdERSsWyiTi4AA5PeghSupE9OkV0QteSQKg4NifSrnmaRa44JqWqVCRIHJNRWU4EZmcGlYKjyknoZrpMgyRkRIPFBSiONlCgcjtXDAmKrwtQ5ntNe3EkHt0Jiix7CyWUbE5OOaEtU5ScUoLgqO0CDxXFLUMA9aVgoUSfWN8JrjCwFZz9KE4TEdsV1K0pVIIk96DTwH3GegHEUBbg8wjp2FDW96fTgzxQAqTnNA0hvfMjPb3roWEmOnvS6XCkmcj2rpcSr2PagKJPOCYTih7zgTQ1/dmuJMxAmgYQGZrygfYYqClbcjFQkwSetAwogj/eozJycUMrxzzUQog5xQARQzXQZnccdKGtQmARNRSr1eoxQM1AIGOe9enYTiT7cV3aFEYg1P0kROfetjy7RBW5UGc1AKM80WNxwB866RB4HFKh7kuAef5sA96mpEYB496ktIMbTUUuEek/UHrSBO+Tk7ScdJqG9SiokwhPNTMqj2qRaISM4OeaTQ7SFQ6sLzlEYopClYMGRMivIQEqmI+eamgbgQDAHtQVJrwQ2lKe880JxagkqAx0xmjlUZqBIKZ/CkVF+WcaUUjdFdUo5mQeakAAmTgmhxJJ4HSgXbsipycSc9K9ukwmurCgd3UVALzECgtdcEHAVQCRI9qHkA7R/vUnVZBTI710QEwCc9aTNF0BClEEDKZ7TXUuqSSINHQ0FDIAjrNGSwInHypA5JAG3FqTOMda86oqB3yMYzTAQAoAJ+dCukT1IPTFOiU02JpUASCQKgCoKhC5TUkpBicEda6EeoqgEx0/WkakVJERUUJOZJKfnxXZJUdxxwJoqZAIgg/rQDdA0ApQdxJM96HuJA6UaFqwrCagpAkQTFA0DKlRj5/OobVBORJNGUjoOnFQUsR+tAwCo7GvdOwri1SMczzURPWgoJuJEEgfShqUBmQDUtpTmDHvUZk+oEn3oBEt+9IyeO1cT/DMyMV3bsTPWvJlwwDk0AcK9wPG2oqV6MkHNSWggTHFDWn0yaAI7hxBrhiZM1yMComAcnrQUT3JMRUcA5mvKIKoEx70MKCVAEk0Af/Z','La Oveja Negra'),(11,'El nombre del viento','Patrick Rothfuss','He robado princesas a reyes agónicos. Incendié la ciudad de Trebon. He pasado la noche con Felurian y he despertado vivo y cuerdo. Me expulsaron de la Universidad a una edad a la que a la mayoría todavía no los dejan entrar. He recorrido de noche caminos de los que otros no se atreven a hablar ni siquiera de día. He hablado con dioses, he amado a mujeres y he escrito canciones que hacen llorar a los bardos. Me llamo Kvothe. Quizá hayas oído hablar de mí.','data:image/jpeg;base64,/9j/4AAQSkZJRgABAQAAAQABAAD/4gIoSUNDX1BST0ZJTEUAAQEAAAIYAAAAAAQwAABtbnRyUkdCIFhZWiAAAAAAAAAAAAAAAABhY3NwAAAAAAAAAAAAAAAAAAAAAAAAAAAAAAAAAAAAAQAA9tYAAQAAAADTLQAAAAAAAAAAAAAAAAAAAAAAAAAAAAAAAAAAAAAAAAAAAAAAAAAAAAAAAAAAAAAAAAAAAAlkZXNjAAAA8AAAAHRyWFlaAAABZAAAABRnWFlaAAABeAAAABRiWFlaAAABjAAAABRyVFJDAAABoAAAAChnVFJDAAABoAAAAChiVFJDAAABoAAAACh3dHB0AAAByAAAABRjcHJ0AAAB3AAAADxtbHVjAAAAAAAAAAEAAAAMZW5VUwAAAFgAAAAcAHMAUgBHAEIAAAAAAAAAAAAAAAAAAAAAAAAAAAAAAAAAAAAAAAAAAAAAAAAAAAAAAAAAAAAAAAAAAAAAAAAAAAAAAAAAAAAAAAAAAAAAAAAAAAAAAAAAAFhZWiAAAAAAAABvogAAOPUAAAOQWFlaIAAAAAAAAGKZAAC3hQAAGNpYWVogAAAAAAAAJKAAAA+EAAC2z3BhcmEAAAAAAAQAAAACZmYAAPKnAAANWQAAE9AAAApbAAAAAAAAAABYWVogAAAAAAAA9tYAAQAAAADTLW1sdWMAAAAAAAAAAQAAAAxlblVTAAAAIAAAABwARwBvAG8AZwBsAGUAIABJAG4AYwAuACAAMgAwADEANv/bAEMABgQFBgUEBgYFBgcHBggKEAoKCQkKFA4PDBAXFBgYFxQWFhodJR8aGyMcFhYgLCAjJicpKikZHy0wLSgwJSgpKP/bAEMBBwcHCggKEwoKEygaFhooKCgoKCgoKCgoKCgoKCgoKCgoKCgoKCgoKCgoKCgoKCgoKCgoKCgoKCgoKCgoKCgoKP/AABEIARUAtgMBIgACEQEDEQH/xAAdAAACAgMBAQEAAAAAAAAAAAAFBgAEAgMHAQgJ/8QAUxAAAQMCAwQFCgIFCAcHBAMAAgEDBAURAAYSEyEiMRQyQVFhBxUjM0JScYGRoWJyFiSSscElQ1NjgqLR8Ag0NURzsuEXJidUs8LxNjd0dYPE0v/EABkBAAMBAQEAAAAAAAAAAAAAAAABAgMEBf/EAC4RAAICAQMDAwIGAgMAAAAAAAABAhEDEiExE0FRBGFxIjIjgZGhsfDB0TNC8f/aAAwDAQACEQMRAD8A4ZM/V6acxvRok0xprV/WEaoqJ8gPAR1oOjQdnr4BI+r1rb+/BKUD8ugURn+Ye1Br1e00Z/wdT642VGXFptOYCIAPSzFwNqf8wK+6N9y77Iq92EhCgKa1ww0PLvT3v1+T0NgOt6NSc+Q8r+CqmHXyb0WBRaA/m/MTOtgdQxGjHr29pN6b1Wwp8CXswh1utSalU5UkNEYHT1iyxwiO6275dvbiVPW2l2GEqhDy1Be2WupG4PW1uNj9hRbfXAxGaM57ckPyEhfZUT9+AmJiqAO+a6e5wR6tv/rWFEfmqKv7sSNR5seaBpGjSWwLV6wSbL479yfHAK+M0cPqa92GBdrDjZ1AzYEAC/IL6dXba++2BuJiYAJiYmJgAmJiYmACYmJiYAJi5BjdLnMRgMQ2zohrLqjdbb8U8TAAeqsBiA7rgPPGjXC6jreghL4IvJcXK2fT41KqHvxdkX5m1sv70X54DxJWiShy9bzZ8Do6uIh+K9vd8EwcYZViM9CcMTigYzWHfebXgJU+oqqdmhcITNTetyNB2fXNpyP9RVP32w8eXGcy3sKM22AOQyEyMPaJUJVv3LvwJyTBZ/SCJ0/1EEvODp+zs201fRVQU+eFXM0ubV5T9Zl9SW+5+0llt9FT74za1ZF7EpgVp8276DIPykqfuxMaMTGpY2TmDby/sV9ZBqb0f9sU7Pi3jCoROltUNhv1kl1xr6uIiYYs2x2WJFVejgKxXXIlTYAPdJDHSvjc0wJpboBWsrAZ+pIT1/iVxV/gn1xmntYh2z2EnM1apWU6YGil072ga1aeBE7L35KiYQs5pAgO+bKYB6I5kDpkWrU4m5V/hjpWUG6hEcquYJAa2NJOtay2ernxCvxX7Y4pUpSy5z739KZH9VVf44z9Pu67L+Q5KWPRx5jLHQMxxMZYlsAGOJjK2McAExMTEwATExMTABMTGSJi1DjnLkgy2u8/e8EvgAp4mLUmOseS4zrB4wLTqaLUJfBU54shRam43rbpsww94GD/AMMAAzDFRnNpGWNIP0GkjbL+jLkv9lUXenhfs3iZcGVDc0S4z0Y+51tR/fi7Akgx5uNfYfc1/lXTf7XwANFMlSY+UszPOesBpmn6vznx/YE+uMqFDZqWQX2T6+1IhP3XE3/Syp98VnUcbydWI39FUGmiP3hQD0X+ib/hg15NW9EGuRZHXOK1IEPsq/HjDGUvpTYjmLrRiatnzHEw4Ll5Zrj6iYMgDpCLvvdtvumJiupEVhnMkc/0TgzbXbOnlHEt3sPtr9sVsmZcCtZwitz3NjSoLTbz7vV1CiJwoviV0v2b8WMzMyo+U8uMSOpIYJ1oNXCIuOCWvn8E+uNuZ550WgMRW+ByYwJuB+FU7+7w8cZJvTpXewNPlPzgdXlHDph6KUHAOjh1NpyHd2c1+eOaLjpeWsvhP8nk6uP/AO7Puh+YVALp8td8c1RMaYqS0LsNHlsZquDVWy5UqTBizJbIdEl+oeadBwS+Yqtt3YuNcyiTIMeK8+kY25Pqdk+DhF2dUVVU37t6c8aKSLcGuQvWKLAp1KhSUCSvSYrT3rw65KtwtpvbSC2XvtzwNzfTWKZmSdT4m22cZ3ZDtTQiL6ImGWS3UHNhFlwKUE4Iwwmo7snS9s+zhU7Iaoq87Lv5csVH/OeaKtUYbdKhs1iS+JOAbmzc1DfgFHCsneqeCYlNrdluF7ISlxjiy/HcYkOMPpocaIgIC9kk3Kn1wbkZRq0epMQJbcdmbI07Jo5Terfy9rdfsvinNdyVBvhC1iYYZuVqnDammbbLoQi0SVYdFwmSvbiRFum/dfljZ+iVQWmxZqnACPJIhZMpbY7Qk5pzsip42wta8h05eBaxsRNm5go7SJjFW82yGejTQLQQOkjekvFV3b+/lvTF57KlTiSZUZ8IyPxmydfa6U1tAEU1Lu1b92/dfBqQaJeBZXFrZvx1beUHg18TZ7x1eKLgkzRXpFI6ZHeZcc2otFHH1g3WyEvxVUT54tiE/wA0zYdTCSfo23YgO3LiRwG+FO7Sqpu52Tuw7Jopt5gqQNoiSdfxFNX15rjStbqF9fSf7qf4YYadTNcJ6BKZgNv7IjbaIm+lE4treKW38F0VU7FXCzOgvQXPTgli3iQ/dPBU7UXemDYGglT80T47npS6Qz7QHb7brfVFwXk0WHVqBIrNGMA6O6PTIihp2YlyNERVS323LuS29HHHWcnpGpsaJUth+o1n+T3wLiHVfSSW7L31J3KKd+JybbokV2i6QmY4f9NGGQ3+ZpUVf7quYdMpMg3m2o0zXxnB0aPa3stF+8PvhMjQ3oGbYnSPTA86Uf3hLWit2X433p8cOtDdCJ5Ym3nADRIdejkfxbVsE/aaL64jJ9r+BIoUJDUKi2CtnpldRwd3UTemJiy1HOlTqqGv0fS1Tt9wVTl4YmOeyQ5mzJDMCgBGYeelSoOnYSDER2rardA3Jfda3y7N2OfzKRU825xYpVJDbPnwDr4RbbTddV7BTn+7DdBZrLeaDp9eeMzpbBOxD07QX2N9rdhoo9vPcqc7phUaq8+iZyfeop6JpiUdsut17b7du62Hh1RtXbH3HzMj0Ck5Fl5agmfQacTjT8jUGqS/uVdIoq6U3qq35JpRO/HCNGGCuVGaEfzfIcD0JERCNuJwluqrbcq+PhiZcg0yVGmyatMJoI6DpaDTtC5701dZLoiWTfck5JdcdEY6EXFObGmh1OK4jGXa0eil1GGxpd/8s/osDqeHJF+WLOV6SdMz/lqmVYA20cn+BerqQnVBU8FWyp8sKOdHwbqSQ+hxmDiALQmyRkLjdkUFsSr2Lf54rVLMNQqcmnPPvL0uC0LTT4lxcKqokq96d/hhdNvjv/bOnqJPfsUqwbjlXmm/683zJzV72tb46JnF3YZwo8wOCaVHF54v6xGHLEvjwp9MJ8ivxpE3psyjQ3pxHrI9Ri26XvE2i23rvVEsi78excyu+eZdTqUZqpSpAkHpiMRG4qK2QVT2VsndhuD2FDIopry0MebI7DlciZpYH9Rlw/OGlOqMlLAQbv6zSq/Fcbs3r/4oZc/JA/hgNLKst0VumvwwOlskVT6OD6EWyNE90lLR238brghWKlUH6vArE6hwBfjNMG3aXwk3dEaVUQ+V7b/riKe35mrkt/lP/YYk7CRU8/Q6LtvOj23J8ZAppJoHbmgW9r82KtKpkatZLytAnz+hg7Oki2enUJFu4L34b8kWy88Aq9mKbDqVcDzbDptRnbRqa604rhb1uYJxKg3XnbFGZmUX8txaN5sjgzHIjZdF1zUJlzLnZfhhdN0q/u1DeeNu/f8AmzdnGoTannpx6dD6G+D4NFH1atnpsiIq9q+Pbg/5RuhN5trxxCkpWOktA0PeJt2NBtvW6Kib+/C9UM2rVZMKVVqbGkzowihyNRiT+nlrstlXlv8ADG+RnUJFf8+SKHDOo6xd1k45p1IiIi6b23WTFqDVbcIh5Iu9+XYeyllvolJlT3jaOK8TJATt22/RqSlrVeqiGgpftsvK+FvNT+wVt6PJSTKIrdNjlpbERRERpoUW4inetlXu539zTmpytQ48ZBVuIHUYIGxFhe4NApw7+1L8sJ2rDxxfMjPJOFVA2o56XW5x/wDuwyyK5Gn1N9JcXYwZbQtEG12hNkicDmpbXJFte/NLou/fhUvjMF9jGphZtlR3oklxmQGhwOsOOh+T12FXac3lmfrZf25PQZGvhFy3VVF3c0TlzvhZjuw6m1F85K906Pwf8dlE4BVewk5X923dgh5o6BkWLXG9fSgqPR3f6qyKqfC+7GeTdUIwpxykzTBjPh6Tzm3tWvaFxHd/3vgrUaq5Lz1rj+oZlN6dA/0bnWVfEzL9rFuO+E/NGVaz6EH5MoTf/NdBVV+ac/HFGgUqbLq1ROmMvPSo8oRHR1fWqp3XkiWRF592Jtd/Ah3q7aSY77ZO7J7pjm/Tq4Q9Gn2FFxMK2fcxPUmr7CmvDtwAQcMgTsvf5qu/ExzRxOSsY8ycwUyfSYNWqdMZpk4y0Fsr6hbVCTUnJEG9i/xxyyuS6fEmy5VIldJ2vC1w+rb8e5f89tsbs3VOoVubCfl6wiu7QWPe3cyLxXClIYeBvXo9GZlp/FbnZMbYMWgnk0SHDcc1uFx41p6vHYcgZdpjmRapJrUZmMElov5SkaS0ovU2aeHNd6LfdbAH9FcuMUQHpdYmG+8ROtGxBUtTSbtSgq3QdXtLa+LWaNteDrfppqKfnc1BluoZ1pNLm0kAdfjxiiSdRaeJpU0717VAx/ZXBDOHk7hZaoDby1wCqmjVsHURsXu/Z337vv8APBXLFIbpmWq2dIzJ0YDdaAXpbaxdm+C6h5qt0VFsu7u54rZjpubs1U6FGlHS55xNoYPx5jS7S6Im9L8+Hnu545+pN5NnUV+p19OEcf1K5Nfl+xyM+vjWmOz0GlA/lutxp+XYDOYqc1tWwdYX0rdudr2Jdxb03b0xyiM5s5zbwMMumjuoWiDU2Xhbu8MdUcmtv2OKeCWNK+45pVKexUYU/pjL3RKV0Xo4Cepx3YK3beiIg3W6r3JjTXX6fOgwWQnw/wBXgtBrED2hPAippVdPU33v4YwzbVYUevkFNpNKAInonA2GoXHLJrVd/JCuiYMeWBqBSZEKBTaTBjBIjDIJ0WvSalVeS33JuxFq0vJqotwk74FrOSQJlVqlTiT2nkkTCNhoALVs11KqldE023bvHCsq46ovm/8A7KgrgUanecemdH1bDhIb91+eFt+owJ+VpQSKZBh1QHGnYzsdtWydBVVCS3b33T+GNMeTakuHRGTFvbfKsUE5rrxhfHUvJ2tAqdNchZhpsMNq+3CblAOlwSMTVCJb87ha/eqYVK5SZOTs0Pw32WZOxJdG1b1NvNryW3b/AAVF7sCyXJruJ4Woqfb+Bct6PGu2+/bjosqo0Zc204JdGpsanAwMhwAFfSEcfWiKt+WpURE+GLfkzdh5lza3Dn0Ol9FNpw9DTGnknffCeSo20KGLVLSn3OXimIg9+H2m1mmt5n6LU6PS/Nu3caIthpIRuqIt0Xs3YlKoEKk5P/SKtM9JOQ7safCIlESLfcztvVEstkTnbxwakHSvh/PsIyOWbw+ZbzPF82+bK0Dx0p5ompOj4KrZ/ET5fFcB4+YWFlB5zodLfhH1mmmEZLT+Ex3ovxvglm6gBlaoxX4b3SqPUWNqwZ9Ym1tcV7LpdN+BtXTI6TpzXYM5EWBApsWp1rgYAia1buEVteycyVbWsm/f88EMzZxmRJoZdoNJCjQWfWtAXpCG2+5Iu5O/twLoPRZlE6NSDOTOjtEZNG1xON6xVQHxsiL3XG3bjTKmsz6/mqrN+r6G6Y6/ZI3BRBXx5/RcZOCcrZmKeZY7zSxXJag2+YEBCPs6SVLfSy4mD/lLS7dOL2zDV9kv98TGkXaAuVZjpGSYsyPoNyJMH9k7py79VsAyeZcVun1SM69pItg7FttBuu8ERdxopb7bluq2Xfg3JoEqiVao09w/R9fj6pN2VQL7W+KYDVYuhzm3oh65TJNm2fukllT829MKFdiU9LDcnzHT6cxGqE+RJSJqdGmggCLrt/50gIkv2LvuiJZE54a8gZwhBCOZOYDpzr4tSZWzQRab3C02KJ9EFOwSJeWOO1WY5MlG8egXD6yNDpEbJbcnwTFIXXL6AM+tr/td/wAcKeBZI6WdmP1MsctaOq+U+p0N+a9GgIy8DLWkRad9GLi6rmiIltV7Iq35INsIcOgVCXG6ToCLB9mVKJGWy/Kq9ZfAb4IZSpzchZr2iOb0ZoXR6WWmOG+yme7fbdYe2/bayk6ZX6LAr7FQqx1GuSo/ELu5tnUnIREt+lO9bcur24UY9OOiO9DcurPXPaxiyTXKzQalSo0zplTo8ghZ2rsZwRZv/RmaXVO1UtaycsL9WoH6NZ6qrih+qU4SmsL7JX9Un7ap+yuHfypVeHU8nxNbxxp0mKMtgQc4SFVRNmdud0VbbrXFcIee83sV6gURhsP10Gh6aaj1iC6Al+1N5F/axjgub11V7P8A2dPqNEIvHquqa/PsI6uOG7rI1IyXi7yv+/HR/Lsn8v0f/wDXN/8AOeECmtRX5KBLknGY/pRa2i/S6YevKVWaHmWTCk0yZJB9lgY+yfY0iW/nqvu5r2Y6Jx/Ei/k5scl0pK/ARgOsMeRADlxgkt+cPVESj29478J2Zn2KvNpvmiLoAIIBsGlVzZkmpVHfvXvw1uVXLjGQTys5PlhKCSTpP9D4RJC5W1cuy+BFCkZZoseqSenyZk56G7HjB0PZtiRgqalVSX4fXGeNabdPlmuZqelWqpXwAYv/ANGzv/2DH/pPY6FHcDyj5JVhzfmmkh6P3pLXd4qvL42XtwoQ/wBH/wBFnIb9VmBOefbkFph6mx0gSaL6rr113+HLAjLVblUCtM1KAel5our7Lg9oL4KmNJwc91yuDLHkWN6Xw1ubM1+jqzH/AOHG/wDRDDV5D0/8Q2P+A7+7C9n+qRq1mubUIGvo72jTrHTp9GiKnyW+DHkxrNGy7VgqdSkvbcGnGujtRtXP2tV7cvDBkTeGq3oWOShnTvZMT61/tecf9ef/ADLjpXlGPaeTPJbzHqwaEC/Ns0RfuhYQcydCWouHTJLslt103eNjZkN15c1v8cFqNmOL+jh5drwPHTid2rDrViciOe8iLuIVut0unNcDi3pa7DjNLWn3X+RaZEZS6OTns/ix07yjqCeTTJbB+vNoTD8uzS/7xwoU+JlyJN20usnJY/oo8QhcL5kqIHxuuDvlIqAVetQZjbwHStgLUYA6rFt6j8eS7+fLswZFco+25OOax45LzsCMpxTcq0Xojxsv+k4w9mwKa3TtTSi3TDbTWjqcXpLmx/lfYC/o4i9HqVb7t17on9nATJ8joFXzFMjnrCHDedHh9pUQf4rhzpsRnLWU2KtPeMIMQWwaa1aSkvGl1aHu7NRdyLbniM0jloQPKi4vnGLGRLsMgWgr21XXu8EsmJgfnOdKqbkaZOQFfeQjUAHSLYrbSKJ2WT9+JjfFH6UUdcpX/fXJIVNvQ9VYf6vMD2iZNB40t2oSIt/Escwz/S3qLOiI/o1m1tR+tt/dyx55Ocw1CkVbYwOM5hC1p+K2+mNOfn5UqtPK4+j8Vo9i26AqLfJFtv3qqIqXvjDHjlDJXYTFM09JjYwGNfrHMWUTZt46wYbr7nQ40Skx+ANk3IfP+mcMUJN/aIiqInjqXtwvmvo2/wC0WL51SZ0Zhlx7W2z6rUKFpG99KLa9r9l7Ypg3tNH4/wDHEJUNsyfknINCcsR6RAe4RRLIid2NZIGPXdf851/8pjw19jDEZwhA5Le017DUOr8vb9r4KQejAcuROZO0Yrt6S06ivuC33VU3oiLjTAhA5BlTHDLZx9IEIJxERXsl/Gy/BEX4LTkG9Ic1udT2fwjfABXUtpxuazPGsRvi83G2m06+j3/xb7fWy49Rj2NehzT1f/jAKylox6OLJhs+D/nxvZZ1t6EcHj9kOL5fHl/1wCsH/jxgS4vPxzibPpH4i0fO3774rGu0T8fERYCjNFBz8+NT3rD2fUxYcFI7YGfXLqj7o+PjjVJH28AGi2G/J9eZpe0gVKGFQpUzTtWCHiEuwwVN6Enh/wDKiGLzKH0lkGA1uah06fe7MJpNbgzp8nL8Wm0CvSaJJKZSpwN8Y/6xGsa2bNLciKya/DfbA7ykg/Lzz5p2h9BgtN8Hst+jFTK3fy+2MKdmE8s1Zl9gwnhUdbUtk7bN0UPZ8u29iX54YJmip5ylTZbOxbki267r9lkE47/FGrfPHM7g7ZLYj+UWzMinU8G1A2WNs4CcxJzi0r8B0piYX63UDqdWlz5CaikOkapfq35D8k3YmN4qkWbYJHAq0U2+uGky0+Kf9cMWWpbM+FVaBM0AksxkRjL+afRFRFv2It0RfDASYztJv6uGt/Vo0buxE5eO5cMNEy684z0/+bPU0+1q4h7UUbeP7lwSkqIsV4DRx5ANvwFkoZbLRv1c96JbkX+GMq5E82VJ+Kh69BDsz09ZtUuBW71FUw0OU2fHqPnOAe2cMhN+P7RFfrJut4+Hil8XToMWpzaHNkVIwbnGTTGgvSESOKqXui20ooj277J44XUXJWzE2Zl+rQ43SZdPeZb1aOMfaTw528eW/FeS2bGwDToMG+PXw6SVVW2/wtj6GdYktt7GRJee9F1wa9NqX2/dVfC3ZjitSgPR6nKjSGXj6unX1nLLwJeyb1Xmvci4zxZuoDFhE9H6P3sEmJMZhoNnCF6Vq4nZBahtbkgcvHeq/DFmlwmXKlFjSAHjdLjFxNnpvbcvbxbsUJMcIsdk0lRnjMi4A1/C63FE78bgHIMBH8qGb7xsx+krId0NqRaUFRSwpuvfVvVURPti2lFWJ6Fyma5WoT/WGndm2KonDcVRELtXcvO17ouNUApUKMv6sRGzHEYymSDs3EXUTiovsiplvXddBTwwPfpVZBv9ce0Nn7Up/Z/RDVL/ACwgLmwkuNvmdWgA2A6yaEl2Yj+RB57+69+2640x51Gi+ggQ3p756eN5pOsnYKIt1Re7d8MDpAsxIYRklatfG/sh1ai7EutksiL9VXwxspUF6W2jkXXGb1bLapfrLuC5dyrusncuCgC1RhG1ODbshDggZbTa9URX2Ev6wk/Df4rvXAuoSKMez6IMw0aGwtGCCJF2kpISqt18E3WTswyUbyf1Ks1rLtNcIWkrn+qOo4jmngbcMzROxANF03ul+e7etyKIdMr8+nzuNyHJcidoi4Yqvb2Juv370wIYGlvnIfN5/rn/AJ3J2JjU4IA5jfNDZv8AscYoYiArp3918V3PWHigIihs+pvxuVdpG/JjZPNldgDCcANDqP3jXeq/w+WNbKejwCZpb9ZhsyXTDnu1SSC+mg056Q2PvEgdnwvfCovo3MMGUqtJolbYqUQAe2I8TR9VwV3KHzRVwp3WwGLsTaLTlavZmMTpafwqqrb54cqrONxyUcsNDEhpuFtWiTaDwIqogruVN681Tr401mKzTIUGtUT01HlsOR2tY6tgTiEhsn8LrZe3GVegHHgsPSPWG/w6/dRu5l9m0v8AHGEmnRDEGuQmoVQcjxzfMB/pWdmXzS6/XEx0yTGgZ9gxicdCHOjp63R12+WlfFFxMNZfKHrQkUaGdaq0VlvowGZf7w/sxIvBed96bk347JIyMzTKa+bh6z4dJ7VR1XXq7kW6+FsLUrL9GyVTWK5VwOTOl8cGlHw7O4bzNF37l7Fta6duBVDzsDcXTU5Mk5xlw6G+FhtV5Dv52VVvztu+OWXXk3x8A0qDFQlM5S/WZcZ6S56PUG7hHeiEV+26fuvzTC7VZiuZcgvuRQZAGHZbbu/U267IcVsQXv4UX4Dj2s1DplfCkuGBsS2ia2vW4jTd8LGg/TFDPpvR26HSXODokFvUHuuKl1+fZi8cNNXyEOAfLrsyfQWYEt45LYEWl0y4hsCLovzUbonPuxUR/Z5c0Aehx532faFL7v7+KbS+ib7+J383JEH7L9cbg19G0N+9rH8Pbu71xvSBhinEw23QOAzfMvShp6og6RfVd3wQfHApW2XJEGLo0aNO1P3htdfpxY2wXNm1KNw/6odXWLVvMbd68vC64rC7rbqMz3/RD/bVV+XCCp88FFD9kc5mac0MUmka6ZCkO635pihPCKDvJDXqlblbeneuPfKDkSbSas2ywzt2whtOvvm6Ik44reoyLUt96WXwva90wQWmycpSK/SWzjnFh0pqRoMkF5ubIjMhwKiKWq7i2TdyXuXDpl+bmzyh+Uh/YRdEWnEJl+p7Poz6DoBDJy6CQ21b0Pel0ErIqRxugo8yTkGHl1GDzNSY8mqTnRjwimiBRYQlvcekIq9bSlxBbotwThU1s4Zyy1lekVJw6bJNjzjG9JLiNrtNq2ltQGIqi3RUu23xIgkQollReoUTL1MytQH36/KaknocdnTZpah0r195qukPC+/mt1XHLIflMhVqpSsuBGnuUuQ+IUqQ0OqVEJN7bqCXNEIdQotyRLIt76USkx0Dcp1aTBqWUqs+AhRGSkU/p5kjZNKbRbPaCi2FT9CqF2kRpYdyKt+XKOz+ksqrUyngco6ZJB/VcNTJgmg/zCDl1Rd6oqJ3Yfc25ShZx8m9RreVpPmOsG0J1KFHuLJPNHrUXG1S7ZiYkSGiCW/fe+OOeUnMr3mmmwK8BRs70aquHUGtggtvCjbaAaFyVFFsNy87rayWTDXIHMcyMU+JJYCmTSntnGaMnS9hxUuYW7LLuwIEb/58MHc0So9TqJzWGYzKPF1I/V3IiX0rvFVsq7+d8BGvb/u42XArNZhowWcAP0f/AK/pX91Q/wAcDZGu+hwNBhi4H+yf/wCUT+y4QFB7FuG9sNifuOif0/yv1xRxaLFMTOj5enM5dpMs5bPSadLdcakxw8FTQ6iruRUU0t8sX8766nCN9hk2TZlOQtB+y24iOgvw9by70wKpsM/0JrE1/jMxHV7o2VLW/tIl/ni7tel+TOdU9t6QNi07+ZsrBfuVRMhv27u668L+6/ehcoQ3XnKTMcCPxqnCSd/jiYoVMZTcxwJYk2+PWE00rv34mOoNJ0vNUZ6XlJjM1amm9WDmaBj+yLCah4U5c0Vf/nHOKg30ScfuHxj+VcOnlVqQLKYpMP1EBhuOX4nOZl8yVcITzhuaPwcGI9Onp3Ga1dPa69fH72G7yjvPfpQBqfpNg1q+mFiDG6RJYZDrvOCA/NUT+OOo5yylIr2eawe3agQWnQaGVILhLQ3xClusScrJipNKSKEKUyHm6IYazfMeEA8dyfu5Ji5WqZ5hhRGXD1zng1vgJdW/Ifl2+OGSuVDLtBbYgUiKdQqrTAtecHb6Rum8gHlfuXf8cI7APT2pb7j4cAay2p8RdiCPevh3YE73IZunVV6dCbB9mMpgXDI0JttNrIJF7SInenzxYo1POXKhQ0AE1/rDmrq6UTcq7lsny9rAVtA2npP7WGbLLsZ9KsE/RrdguutntVb0kKJoFLKiLu1cK3Rd27dinsCOndJm0XMRyaY2zVqtriQmqhrUWH5bcZy6adaq65tCENS7tQ2S17Y+mfJtk0Mp5cgwlecffBpNrqVEHaLdSJUTmSkq8S3XxxwPyTUoK1nXJcJyE9Gi0hrzmQlwi88aKqnptcRRxBte3PH1njBlo4L/AKXTFQ/7PYsyDUEZiR5g9JjqaDtr7gsi9dRLfb5+zjg2SswspnTJDgVVpkDnNnN6QWkWBbd3XLcm8b7vh34bf9L2uLL8oVOo7hmEKnxBdINS6SccVV5cr2REv444lGkQI8luTb04cYB7PhfGqWxVn6E1fL8aoSOmwDZjTjEtlKEEISum8HERU2jZJzG/ZdFRbKnzV5aqRJntVUM0wmabXKTDYKmyusM9hHFRxtD/AJxRQxVFVBLdZU5qp7/RQztNrVSrmXag/rs35wiav5uyoBincm8Ft+bvXHTfLkAHk+ovuAB7ajz4+kve2aOp802K4z+x0Sz4me9PRfRt36MLYkWlOHeXLd2qqb+3x7A7IochsHOoZjqL578GpUQ2KBtnI2jW7oF3a9yXUNN96b0W/enxsDbDX/7cbIzTL9fbCPVnwbc2xg6Wo/gaon2tjOeoWist6+BrW7r4fSL/ANLfXERo5mYz/G7q48VqhL6ZUn3tfXc4fy8v3YCyioekwwUSnGcV+oGB7FnSDf4nFWyX8E/fbxsFXHUas2EDL9DpjegGwfHbnpT0jiIpL8kXd9cRmnppLuQ2EahH6H5Ln4zmvaPPt8f4kXaKS/S2BXk6jnMoGbaNsdsbrRE1z9Ym5N3JFXv8FwTrpvOZSixW/TPyX3DaDraR0Iil8EuuBjuYP0SafjUzRKfl8O1Nr2rby3c7Lv8Anjkx24tLlsEGM4TKTlyYxMqcKPUau83snWyPULYpv+aqvbiY56/PRgD6S01ImvOk86+4mtTv3dyYmNek/cLRvoTHn5uvgfr3tLon+JFVcK3U6/AfVLDh5P48lqcbzbO02wE0AoekjLcu7vRERbry578SuOebJL5sUyAbjJaHOkNbbn7W/dz3csaqVTcQAWUm3HM0UrZ8Zg+Loj+Xi/hgxnTOdTzFNbCYY7COWkWg6vPffvv98YZeqDmyqk1tmMzsYxeqaQeutufPkip88Kmg3HdAXMz/ALy4qlKVvsWXJ0l5+onJf9Zq/hjAT0U7+3xfi7r/AHxfzhTXqTXn4rnrA0kX4SVE3YDKXo9H4cWuCaNqexgzQ48raxJn+6hMZ1a+qRISJv8Aqv3wBFMONFlQJGUzp8gDB8HxkE6RahJu+8UTnff8MTN0g+0+p/IIB1LM+aqu6AIkYm6e1p4vYEjsvb7OO4Y+Zv8AR1zL5pptV6Ycf+UZnSxaI0Eh3Ilt/wAEx9BQK1GloHHo1/iT+GOFZsalos0UXVnwN5dKutb8rWaZO+wTCijq91r0f/sv88ICpg/nxP8Av1mIdWv+UZPH73pS34AKuO8R2P8A0Up4QPLDTm3D09LYfj/PRqT/AJMfU/liEAym4bgawB0dP5nUJhf/AFkX54+L/Ii8bHlZys837Ewf2d9/tfH2F5Qa9GqdFfgcDPVPU6XtIqKnyuiY4/V5YwW40mz5W8pMONEy/R3ohnol6T4+rqBpL28bmn1Txxz6MxtEf6noR14d/KUfooML/wAuLhj7vam75IP2wtPS1gOIzEiw+ARJw5DAPE6Spdeui2TsREty78a+n/40ZUeREOJQJVTD1zzvRBLT1bpdd/Ytv34BtAGgzU7aeqPvYcQlQjgy6a0CMsVQWH2+ZCw6Kqhonbz7F7PlgHUqFUKZWvNkuKfTbiIh/SX5KPei9+NkyzRSA11Jj8BDjpFcbeqcmjhEZPjItkHtabLc18PHAIKVsK3TqHTNcmV15Oy4tTll5dyJ3/PHZWo1JyrTelV44xznh2QtBYtVuTIonYm7Uv13Y5PUZEpJohKzneYJZ0XLb8VgzOo6eJ3fwtqqJpS/LevLv39mKGZI/wCusPNgHRZMFt2Nr6rW0RFXlz3ouMPK09tMyNs6+DoLJ6A9oluV17+eA9Vfkv0mgPcZsBB2RcS8Ozdcv8N2lLduLxQelS8g/BqqVEKURuU1zUjOzZv73BdV8N/ZiYasjITdTmxmW9omwZdsNh5inf8A534mB5JJ0FlXJEjXmmlST9DtnSEQDqi2hbPT9/vi9XYEbz/E6QehiST0R3X7NuXysuAM2QFMq1A6B6uMW219XhWSvPw3J9sMWc5QN5o0aDDZVFt3R7XLSv1S2M5p9RSXhiYuVnLD1BhVSNs3TM32wY94hVLpuTmqb0+OLDECFkJIs+rgzMzFxGxTdSbON3G6qcyRd6DhmzNnGTlmExFiMsvSz1GMguswPVC27uvZccelPuS5D70g9b5kRkXvEq3XG+LXNfV/6WSoTH58lyTLM3HnjIyP8SrdcV1XX+zjLHjK7N0MbjPE4G8EYScAdQ/ea9rdv/zbA412mPdOAmSOnZVzV0RvQ48YcWjqgRfdL/fHZsqZ7D0YOPe71CTHymw/6M8E4dYeiOej4McHqPQrL9UdmEJuBf8AK0kZPKPX3IgaG3JO10fiNEI/7yrhOVb4t1CS5PnPyXz1uOmRkWKmO6KcUkyx38kksIGcWZphrOO04Y/mVNN/khqvyww55zlKnzgDbej/AAFpEh+KY57S1fbZlPMcDYCIuF+ZeXj8PBcZNPXcDrg5qH0vW07+a+GMJ4FPJrkQ2+C/UKwb8Y43sH7B8Q/mRF5L4pilIa6RBCbH67Olp8fd7AP4Klk+KeOC1My8eYtfmF6Mr4DxRHXUZc+Ial0knhe6dveo1xmpZdqVpcV1l/iA2nhXS4Hai+8i96Y2TSdIEgSRL7/V/wCbHbn479Tq2WanAA3qjMo+yjch0uAqgZKSckRF571xyWqxWQaYlRA/VHeEfwknMS/El/mll78PGTs+PR2oNG9DD18HnDeRMCvcPK97f9cZ5k2riUdCYbo3kzpB8YTK/L9Y7q0uFfsT3QTf9O3lhMzXt57VHrr5gZm+UfQHs7lVEFO7cvbhFzV5zplfNipGZyGj2pOmWrbkv87ftRUtbwth7dTz15M9i36+IIyxIesOhURV/ZNccvT6dTbu+5L3FTOE45+aOoevS21o9rcl/wCOCVVpL1MylTWZBhoe2zuj8VwRBv4IZbvjgNVUepk2K9L/AFkwY0aj97rpfv3GifC6YbqzUun5No81wPXPlHL8OtHU+t0Rfljd2tKXAuUacrywplekSnFMw6K3H4bdZEFF5+ILiYFuyY1MkxwfXZg9Ebdv3EpEtvoqYmJfJG4ZzxSjbU8xxGDWlS4xR3QHiKI4vEiknYl1RfBfkqs1Tp8aRObzNUw/UQgsy9HW2jytpoBfHtRO1dPwwnUrM/mHNNcYmBtqPIklFfaPi0iC6UJPkll8PgmG3ykTuiZbo9Pph/yc8+2I6C6zaaUAd3NEsnxxlNTtR/f2NdhNmUsJlb/l57/XtQE6FyFglRdHPeqoqCnwXCLPgu0ypOQ5QcYdbT1S7UVO9FSyp8cOeeHNnTtHtsujpP3d/wDn6Ywnthm3KXnJv/bFLaEXf69pOfzHrfC/djoxyaSb4JTEN4Nm5jUS4svekb/GGKuvHQNHoHjYS4r49viiqNrZCDu/qasXWQ2jTmswDR6sPaIu5MDUXFuMYOSQ6Rttn7Wytq+V8SDRspz4xJzElxlp8ALWTTvVcHtRfjh5gR8jZhkaI9MrtNfANWyju9Ib+4kSY0uU+ntic1ygzYzHrRddnKJF+UNmhL8U3Inbiuy7Clprh0Z4AAtXSGpjhabdxGFkX4KmIlv5GHouTqZPosuHRayG324vCEtrSWoUIVBSRfx87blRe/cj5gy7VqIuidGMGz/nWiRxsv7Q7sP8KqwqY229IZqT0oONjzhJBxsi7S5XJLdhJZOe7GmJ5T58eUYU2GOs+tsXEEfnpbTcmMU8qe24bCA3Dq21B5qnzAPrgbTRjxJ7SLhlo2a3EbegVOnhUkPULkCRcRIveC29tz8trr3LzIVLyo1mQ0ltj7/Wdc0/VUFPki4FlnfM0uM46/WZLLPFshj2bIi77iiLZO1V/wDi0pzW6X6gZlQ4sh18KQ49GiyP9yqY7FxsuwhNeA7Kveiqiqlu3CjUYr9PnHGlATT7PCQEn+dypvv2ouLsnM1ZccN5azUjfMuI+kufbfixDzXmN1wI3T5E/XwC1IFJGrwsaLi1aAK0Oqw61Tmcv5iPRo4INQ6xRiX2C95tV7OzmmGLJZvUSTOo1W4DNgmhDrCQnyUV7UVEui4TZFShdJcjVugMsywLQRwiWK4P9neC/RMPdFcjT4MWFLlH0pkSOmlUGti8Iqm9tV3oba80VFui77WvjHKtvYiSFzNDW3gyDcb0OR5jYF+U27fvRFxaaTXkSgm3fQ0+46QF+BC5eNz++L2eacfmBs29YHsG9qB9baNrZRt38/pgDSmXplIg09sw9a46Lp9URcRUXV8FbVfpiYSuC+RLgyr9Ck1PNU2mAZ64DTTfF+EERfuuJgZnCSy5mSqSW1kt65RiSk5xESEt13ck8N/LmuJjoSdAaq62a0liU56yW+479SXDDlw2Zlfo9Jb2zwRndfH6vSFyul96JuxMyUh+QuWaS2Gh8oLPCXvKO0W/ywey3EBuD550ABswxD8WrWv8ATGGTItIC75TXdnOlsgYcb/91brjPySigee33/UMxfbLSOpd37tWA8iDKzTmjocANbh9Yz4RbFOZkvYKd+COZ6tDpNJCgUE0NgNW3kaeJ9xUspr3btyJ2J44tL8NQGuBIjHjGQ3s8aULFhPSN/kxuUEI9KNyiPVJx5plkXdkInfU4e5VFLJa6IqLvVO3A9Y7x3MAMw97Ti5SKzU6Sp+bKhJi7Xr7F1R1fG2OnZ/q9SbyDlCY3UJISnQLaOg4okW5OapzxlObg0vJ048anFvwchS4bwxubd6O4JhfWBatQFp+ipjpGemwn+TfLlYqAAFbeMmjd06Sfa4rEXfuQVv4+OOabM3Fs2B6/dw4yszy49Dr4Ybj5hkw9o9T5syNKd1bfi1bTuFVXeqWvdFumB0mpvzHdT7hGvj1R+ApuRPBExTSO9/Qn+yuM1ivbPXsT0e/pXFpIzosRdg40fSOAB6otCmoi8VXkmM3p2hvYxwBls/cJfuvNcVmwJY/owMj9rSOMGWHnFMGwMzH2RHVgA2NLrc1ucYe573+CY2qj8ySDIAZuGWnQ0Or5CKd3cmNSNnwcB8A+yOCdDlVKkVLbRDNlzRqI+rw2vZV7E5XT5YOwByDkKftDcq5+bIIceqQOlwh/IvV+JWTFiXWKTTP1LLwGrZ+i1R2k2zngrxoqrdfdFE7sKlWq8me6e0kvHr4y1+0XwxfFxMuxQUF/lyQGpXO2I2qck/rCTt9lF713Tpb5AMVCrpRXDUI0QKwfWZaBCGMX4yW6uOfh6o9qKu5EyTJemOm9IcN58+IjdLURfNcU74vUxrpDrgf1f8AFMUlQmP3kyqJzgm0lx51w3mNLTIv7N7ct/QOLuEktfQXCXhbDHRFjSJEuG5UmXkjCIbI4exmDpcbvqW2/tQl1Le/ZjjrYvBJ1MawcDi4feTux1aHWQr1FqVQfBkK5EY1y9lb04olkeTuVLohW5ppXsXHPljTsVnNqgJFCCS7wnJcJ36quJglnGN0OHR43U0Q2TMfxGOr+OJjVSsBxqzoQ/KY5rMzbgxXAH8yNK2n0v8AbGwWJ7FOiUaIH69MFvr8I6T1qt19kRS6qvYiKuKlLam1rP1Sk+b5JuSdWlrZKJOXcHq38EXf2Xx55QczMxJEqn0k23prrfR5csC4RbT+ZaX3e8uZL4IiJyKLbUPYmgPmGtw6TCOh5ZO7ZcU2eY6XJbnh7oJ2D9brhHvrbxrPHrWO6CosxwYo1FqdX1+bafJkgHWJoV0j8V5JgXowdgVs26KdNfhsymNZPNa9Q7NxR06k0ql93K/amCV9io13LD2ScxR3ABymOg4vVAiESL4Je64es8yZtFyFk8dgDMoBITCVFBwhJETscFdK498qkaZLmZaeiU96aoQG9Q7BXBIu4rYnlTzCCZfolNfCDKqgMapY6UcGOWhE0oqLuL/DHFrllcG/c9Lpxwxmk+y/lCKNQn5mqzDlamHJbjhqLamgiDaeynIRuth+aYPZ1kSY5xa/TTBlazE6PJKOSEIvAo7RBIVsl7Cu7vXC9SGKn5llBEhMlEl+hKQ9YeSothIlRNy2Xd88WWFrnmh/L/m0Ngy70twXW9JCS2RD1KqWulk3c0XHU0rVHIpOnff+Qvmer1CBBylJjyndZUzUXGukvSGnEnb88MtE6S/GyfJ6Y6ZxoLr5QhuTk0QdO4Ii8Jbt1lXlyRbYTK2xX58WCzLpTQBEY1M7KwkLNlXdxLqHmt8ZVeZX2GqIDkNqGsf/AFB1qwkKXvuXUt0Vb713YzcbSS9zSMqbbT7G7Iss+kZtOIhxmTpUl0WmiXS3xDa3wTdfGdeeOi5YyyEAvRzmHJUkkNR27mq1iVLLwpuTfu588ZK/mhutz226HECozmCCQyDCCTra7z4ULdfmtu7FKCzX1prdP82Mz4JPFsGnbOC24qXVAUSuiqm+19/PD72S39NU/wCsY8i1mVMzRSxAHmWDgv8ArbErttourVa679yrzXSl74AZqCbTaBGCJJek0OcW2KUDi/rLtuMXE9kkX2V7r71vjXSKnX26/oiRYz1RjsEyLWyD0Te9VQURUT2178SjS663SZcODTYz0Ge5xNG1q2iotuBFK/CvaPK3Pdh01K/gVpxrfuJ8LR0xjaer1jq/LfF2dEmG2tQliH6wW13uBq379SjfUiL2KqWXGUaj1CW3t4kYzDUWnTbiJN6oKKtyVPC+DOijTMuPdFjOt1GOwLr8gyXTq2gjoRL2333crWt3qmrZz0KKJ7eCuVwByrNg51P+qYFOltHMW6O9sKiwf4sDJfAwToXmzOJxj9WZCQ/lNEX+ONlHPzRmxkHL7CWBR3BL2mnRUPnz+2GHNsdZDOXKzoAGyEoRGB9YhVVAl+Sr9MDs2gzIqtAktho9E207xdUkXGKnqSI7hLM9MSu52lQomvZxmtI/lDSP8cTEo8gyzrVZe2bc9Ho2o9UrqnL9jExCbSoks1Oq5rYihKiTYEmLILidjinCVuqSOck7O7s7cJtbiQ5EJJ9M4A06JbWnTsnLrYkG62FU7t1+VromB9Jq9QgJojvaNfsH1SH57sM0ZYFQZcZfA6NKnDstRkpQ3y7PyKiom/enwxqloNBYpNGOfBlPIfU4Wh94uf7v3pgWnB7/AP8A5w7UmFUqRIlUyXGC4Fr63WJUXiFUuipZOeMXpkCJGfjP6Nf86J9Yi7/HD6jsYi3xmJ78bpTjb7pmwyLIe5qUv34kCZJp8lH4jxsvh1SDGgzsvlCzBPyzVcpzIhnwQR2jWpdLg7rgqf5the8oeXYz8NjNOVgU6RLHU60A/wCrH23ROSX+i/FMAqhPzRMpBlPqTr0Ux1k07KEi0+9ovqt8sCaXXatSWjaptQkxmz6wtOqIl8sc0MTglXK/c7ZeojNtPh8ezD/lGUHEy4cT/Z/mprYe7qS+0/taueM82vG3k3KzLh/rhxndsOriKPtEVnV4dZUwtR61UmFcQJjybVzakKrqEiX2rLuv44quzpT83pL77jz+rVtTLUV/iuNVDj2MXk5fka8+OGxJy4bR6D8yxuPV3gqL9t2LGcDgJTss9OZmG55nZ0bF0RHTtHOdxXtwp1GtVCp7Pp8x6TsfV6y6vwxnJr1Wl7DpE157o/qtZer+Hdh6H+gLIt/c6Y9/9+Q/4H/9NcLWSpsMM75aCDtmY23b24unq1O6jRFvZE5KiJuwvfpRXOm9K85yeladG118Wnuvi5Q4sqsumBvBr1dcrDpPmi6uzfZO7EaaW/ihzzK7XmzGntG1myXtAL0PSdp+GwOJv7sMlCehvs0CmV2NJhTdI+barFLiEScVQQx7UQr8t+FGrVaquIcWfUHng9rj1bTuW/tJ8cV49cqUdtAYmPAADpHi6v5fd+WKatExyJMcmDp8SDEo2aYzysA+70KpQi9I36VQPh5EmoL9+9MLmbH6gxUZdKn1B2Y3DfJlS1cJkKqmpe9fjdeeKMWsVCI0gR5jwNj1R19X4X5LvXenfgYZma8fFhpUxTyWqMMb44G46ANiZmpcIh1iLwxoRMPvkmOLAr/nmfoNuHpBv/iHey/JBL7Yc5aYtmQ3waLWjyS5Q61A2LZvtyGv6ZgkXu5Iqju3ruvywKzF5giU0IzYAFVZ07DQ7qLV2iXfflv3pjotdqUzNU2LApD3Q6cbW1l1BoNTn5BRe1f83wi1bMULK0lyFl2n0g4IcD5zR2kiSXbdV5InLux52Ccpvjfml/kTSN/knoUN9uqVfMNRh0ilm6MdiRN4UecS6qI70vZOa4mEHOGYp+aJDBvbFmFGHZRorHAyyPgnevNcTHZ0ZS3Yti7m6mdAp0GNo4wab/NqVN/3xnDZn0Grv0mZsZjYAJuxyJdLgKiEuheaFZezfdFwephhnTP4BoVuDHc6RJMrerb705c7IiYVvKBUgmZplPROANqRjp+3zwoycvol4JHSpRI3RmDpEp6SwG0Nja9bsu0t13J2ovYt03bsL0bJxz5BzKs+bKPFwtNW1aezUq7k3fHBfKFTCptuPSDDpZn6XkIl+NPHl9/mQequ0dfZicbmn0TXV1FyT4Yw1Tg6QWew4uWspNmb4BJcMeIHbOEQ9xXTSIr3WxzqsMxgzQ45EhPRoLpE6y06Kjp3Xsl+aIvLwtjoc6FGy7Cjz5zbL1ZeLU07N/1dm2/hFF3qN03lfeqIngvTvKPUJbfm+vBDq0TVr17Li+IlzFfFMa4pPlbjRVCjwq9FZeCT0Z9eDj4tVuY23b07FvyvfAZmLl1x7ZvzKpG94nY4fuQt2G+i9CmU2W9Ep4RoPsmT6uSCc7d/bu3IiJbcvbgPAWHRJD8xw2ZlR1Fp1WIW/wASCvMvFUsm/GkZ8oSZofyW4/G21FldPb9kNkokQ+CpdO3kqphUlRX4chWZbLjLgcxdHSX0XD2flAfbm7Zw3pR/jdUR/Z5Jh5omcKNm2MFMrUaM9r4NEiwl4KBpZUJP8r2Yh5smPdq0WmcBxjh88pOTFytNA4RnJpUj1DpdYS9wrbr25L2phFxvGSmrQyYc/J8MlycbMdnW29wFz+id64XaTT36nM2LHu6yL3RTtXDIxWZWVntjAm63Im02BgOnS4vMt/NUxOT6lSE/A0Zgi5dYU2Hqecx+OPp3QF0ibFETrWKw27U7MJVSp1Pltm9QEkaAEjdadJC4U91U38t6ovyVce5bzZNpEkz9dr1atfEW/n9cX2GIU6ojMy9KZiywLX0KU7sdX4QPci391bc93diYJw5EJVvR4wx2bLNBgVqFUWanRo1P6OQgWhtW3tXMlE1WyaUstlQkXAKo+S+Yu3Og1OHUgaEj072XCH3k1cK/tYfXhdMZza+DNGq3m1t8OjNvbbSXHfhJL2JLeBLu+GB0mM9FkuMyAJt8C0kB9YS8cV0XGj3GdLyxm84i65cZ4Gw49cf9y35ph5p86nxG5VMiPG9lyvu8UpqxFGfMN4lffz3iq96p2Y5lkytT+kdD82BVWD07QNku0bFO1CTcifHdh8zExGgaJtE0GwYi1Jp59bfzBbJf4KnJUS2/HHkiozryRwc/zNRzoy+b3EVX2XSEyZ6pdxJ4KioqfHEwRzpOKqxor7oEUlklZPbJciHmBL423KvhiY1jOVGY4z6mcxsm9hGZBxbIDTDYiI9ycN/vhPrzsBJfR/NEPrddEUV5fhtiYmObFyUbZIs0lm9NjMsG91iW5fS67sDo5GNUbVDXXqHixMTHTDgljd5RGmZ+S0kPtqsiEYo0epeqqohJbx3fTHGMTEwvS/a/k1iNGVJrrMCptAvJoXRLtEkX/r9sac0CkOaTK8ZpbUfVvffuROX3xMTGq+8XcXcbNStLw4mJiyztrL7NTyJolsKZzIgK4e0Xrii2O3fffjh2JiY5fTf9/kQ8nooWXgWKC7eQAOE8haS33XTu7OG3zwmPPE6Zqa3viYmOiJKML4vwpSJYH2geBwSBELmPii4mJiimOkGp1CfQmIDktzzdGQ3GmS4iG6bx1L7Phbdh3oEg4sEJrfrjDSi+7/08MTEx53qODMC+VKjxZlJOpKOzlR9kGoUTjAj06V+HYvywoZHyoxXocqZIkuNtRyQdkApqK/4l5fTExMdWFvpGg4y4rMWioxSQ6AAuqyWji2lw16i717N/ytyxUnkdIliTCo8w6iCbUgdpqFbcK33KnyxMTGMjFlkqC29VnxSQ6AI2JCKeze+77YmJiYLYz//Z','DAW Books');
/*!40000 ALTER TABLE `libros` ENABLE KEYS */;
UNLOCK TABLES;
/*!40103 SET TIME_ZONE=@OLD_TIME_ZONE */;

/*!40101 SET SQL_MODE=@OLD_SQL_MODE */;
/*!40014 SET FOREIGN_KEY_CHECKS=@OLD_FOREIGN_KEY_CHECKS */;
/*!40014 SET UNIQUE_CHECKS=@OLD_UNIQUE_CHECKS */;
/*!40101 SET CHARACTER_SET_CLIENT=@OLD_CHARACTER_SET_CLIENT */;
/*!40101 SET CHARACTER_SET_RESULTS=@OLD_CHARACTER_SET_RESULTS */;
/*!40101 SET COLLATION_CONNECTION=@OLD_COLLATION_CONNECTION */;
/*!40111 SET SQL_NOTES=@OLD_SQL_NOTES */;

-- Dump completed on 2022-07-16 21:47:11
